Workbook
Name Slicer_有無主板: #N/A
Name Slicer_有無軸承: #N/A
Name Slicer_有無軸承1: #N/A
Name Slicer_傳動比: #N/A
Name Slicer_傳動比1: #N/A
Name Slicer_輪子數: #N/A
Name Slicer_齒輪數量: #N/A
Name Slicer_欄1: #N/A

Sheet 全數據表格
A1: 測試組合 | B1: 傳動比 | C1: 齒輪單雙側傳動 | D1: 齒輪數量 | E1: 輪子數 | F1: 前輪直徑 | G1: 後輪直徑 | H1: 輪子厚度 | I1: 驅動位置 | J1: 有無主板 | K1: 有無軸承 | L1: 負重0g(1) | M1: 負重0g(2) | N1: 負重0g(3) | O1: 負重50g(1) | P1: 負重50g(2) | Q1: 負重100g(1) | R1: 負重100g(2) | S1: 負重150g(1) | T1: 負重150g(2) | U1: 平均值0g | V1: 平均值50g | W1: 平均值100g | X1: 平均值150g | Y1: 有負重平均值 | Z1: 全部平均值 | AA1: 標準差0g | AB1: 標準差50g | AC1: 標準差100g | AD1: 標準差150g | AE1: 有負重標準差平均 | AF1: 全部標準差平均 | AG1: SN ratio 0g | AH1: 全部負重SN ratio | AI1: 完成度 | AJ1: 有負重平均排名 | AK1: 全部平均排名 | AL1: 有負重標準差排名 | AM1: 全部標準差排名 | AN1: 全部SN ratio 排名 | AO1: 綜合排名平均 | AP1: 綜合排名
A2: 1 | B2: 1:1 | C2: 雙 | D2: 3個 | E2: 4輪 | F2: 大(45mm) | G2: 大(45mm) | H2: 單(3.5mm) | I2: 前驅 | J2: 有 | K2: 無 | L2: 732 | M2: 716 | N2: 632 | O2: 557 | P2: 596 | Q2: 562.2 | R2: 500 | S2: 526.5 | T2: 490 | U2: =AVERAGE(L2,M2,N2) -> 693.33333 | V2: =AVERAGE(O2,P2) -> 576.5 | W2: =AVERAGE(Q2,R2) -> 531.1 | X2: =AVERAGE(S2,T2) -> 508.25 | Y2: =AVERAGE(表格14[[#This Row],[負重50g(1)]:[負重150g(2)]]) -> 538.61667 | Z2: =AVERAGE(表格14[[#This Row],[負重0g(1)]:[負重150g(2)]]) -> 590.18889 | AA2: =_xlfn.STDEV.S(表格14[[#This Row],[負重0g(1)]],表格14[[#This Row],[負重0g(2)]],表格14[[#This Row],[負重0g(3)]]) -> 53.715299 | AB2: =_xlfn.STDEV.S(表格14[[#This Row],[負重50g(1)]],表格14[[#This Row],[負重50g(2)]]) -> 27.577164 | AC2: =_xlfn.STDEV.S(表格14[[#This Row],[負重100g(1)]],表格14[[#This Row],[負重100g(2)]]) -> 43.982042 | AD2: =_xlfn.STDEV.S(表格14[[#This Row],[負重150g(1)]],表格14[[#This Row],[負重150g(2)]]) -> 25.809398 | AE2: =AVERAGE(表格14[[#This Row],[標準差50g]:[標準差150g]]) -> 32.456201 | AF2: =AVERAGE(表格14[[#This Row],[標準差0g]:[標準差150g]]) -> 37.770976 | AG2: =-10*LOG10(1/3*((1/表格14[[#This Row],[負重0g(1)]])^2+(1/表格14[[#This Row],[負重0g(2)]])^2+(1/表格14[[#This Row],[負重0g(3)]])^2)) -> 56.763688 | AH2: =-10*LOG10(1/9*((1/$L2)^2+(1/$M2)^2+(1/$N2)^2+(1/$O2)^2+(1/P2)^2+(1/$Q2)^2+(1/$R2)^2+(1/$S2)^2+(1/$T2)^2)) -> 55.181563 | AI2: 0.33333333 | AJ2: =RANK(表格14[[#This Row],[有負重平均值]],表格14[有負重平均值]) -> 22 | AK2: =RANK(表格14[[#This Row],[全部平均值]],表格14[全部平均值]) -> 23 | AL2: =RANK(表格14[[#This Row],[有負重標準差平均]],表格14[有負重標準差平均],1) -> 22 | AM2: =RANK(表格14[[#This Row],[全部標準差平均]],表格14[全部標準差平均],1) -> 20 | AN2: =RANK(表格14[[#This Row],[全部負重SN ratio]],表格14[全部負重SN ratio]) -> 18 | AO2: =AVERAGE(表格14[[#This Row],[有負重平均排名]:[全部SN ratio 排名]]) -> 21 | AP2: =RANK(表格14[[#This Row],[綜合排名平均]],表格14[綜合排名平均],1) -> 25
A3: 2 | B3: 1:1 | C3: 雙 | D3: 3個 | E3: 3輪 | F3: 小(35mm) | G3: 小(35mm) | H3: 雙(7mm) | I3: 前驅 | J3: 有 | K3: 無 | L3: 499 | M3: 536.5 | N3: 506.5 | O3: 540 | P3: 499 | Q3: 481.5 | R3: 489 | S3: 343 | T3: 417 | U3: =AVERAGE(L3,M3,N3) -> 514 | V3: =AVERAGE(O3,P3) -> 519.5 | W3: =AVERAGE(Q3,R3) -> 485.25 | X3: =AVERAGE(S3,T3) -> 380 | Y3: =AVERAGE(表格14[[#This Row],[負重50g(1)]:[負重150g(2)]]) -> 461.58333 | Z3: =AVERAGE(表格14[[#This Row],[負重0g(1)]:[負重150g(2)]]) -> 479.05556 | AA3: =_xlfn.STDEV.S(表格14[[#This Row],[負重0g(1)]],表格14[[#This Row],[負重0g(2)]],表格14[[#This Row],[負重0g(3)]]) -> 19.843135 | AB3: =_xlfn.STDEV.S(表格14[[#This Row],[負重50g(1)]],表格14[[#This Row],[負重50g(2)]]) -> 28.991378 | AC3: =_xlfn.STDEV.S(表格14[[#This Row],[負重100g(1)]],表格14[[#This Row],[負重100g(2)]]) -> 5.3033009 | AD3: =_xlfn.STDEV.S(表格14[[#This Row],[負重150g(1)]],表格14[[#This Row],[負重150g(2)]]) -> 52.325902 | AE3: =AVERAGE(表格14[[#This Row],[標準差50g]:[標準差150g]]) -> 28.873527 | AF3: =AVERAGE(表格14[[#This Row],[標準差0g]:[標準差150g]]) -> 26.615929 | AG3: =-10*LOG10(1/3*((1/表格14[[#This Row],[負重0g(1)]])^2+(1/表格14[[#This Row],[負重0g(2)]])^2+(1/表格14[[#This Row],[負重0g(3)]])^2)) -> 54.206628 | AH3: =-10*LOG10(1/9*((1/$L3)^2+(1/$M3)^2+(1/$N3)^2+(1/$O3)^2+(1/P3)^2+(1/$Q3)^2+(1/$R3)^2+(1/$S3)^2+(1/$T3)^2)) -> 53.353621 | AI3: 0.33333333 | AJ3: =RANK(表格14[[#This Row],[有負重平均值]],表格14[有負重平均值]) -> 27 | AK3: =RANK(表格14[[#This Row],[全部平均值]],表格14[全部平均值]) -> 28 | AL3: =RANK(表格14[[#This Row],[有負重標準差平均]],表格14[有負重標準差平均],1) -> 19 | AM3: =RANK(表格14[[#This Row],[全部標準差平均]],表格14[全部標準差平均],1) -> 14 | AN3: =RANK(表格14[[#This Row],[全部負重SN ratio]],表格14[全部負重SN ratio]) -> 26 | AO3: =AVERAGE(表格14[[#This Row],[有負重平均排名]:[全部SN ratio 排名]]) -> 22.8 | AP3: =RANK(表格14[[#This Row],[綜合排名平均]],表格14[綜合排名平均],1) -> 28
A4: 3 | B4: 1:1 | C4: 雙 | D4: 2個 | E4: 4輪 | F4: 大(45mm) | G4: 小(35mm) | H4: 雙(7mm) | I4: 後驅 | J4: 有 | K4: 無 | L4: 562 | M4: 563.5 | N4: 502 | O4: 458 | P4: 458.5 | Q4: 531 | R4: 484 | S4: 495 | T4: 430 | U4: =AVERAGE(L4,M4,N4) -> 542.5 | V4: =AVERAGE(O4,P4) -> 458.25 | W4: =AVERAGE(Q4,R4) -> 507.5 | X4: =AVERAGE(S4,T4) -> 462.5 | Y4: =AVERAGE(表格14[[#This Row],[負重50g(1)]:[負重150g(2)]]) -> 476.08333 | Z4: =AVERAGE(表格14[[#This Row],[負重0g(1)]:[負重150g(2)]]) -> 498.22222 | AA4: =_xlfn.STDEV.S(表格14[[#This Row],[負重0g(1)]],表格14[[#This Row],[負重0g(2)]],表格14[[#This Row],[負重0g(3)]]) -> 35.082047 | AB4: =_xlfn.STDEV.S(表格14[[#This Row],[負重50g(1)]],表格14[[#This Row],[負重50g(2)]]) -> 0.35355339 | AC4: =_xlfn.STDEV.S(表格14[[#This Row],[負重100g(1)]],表格14[[#This Row],[負重100g(2)]]) -> 33.234019 | AD4: =_xlfn.STDEV.S(表格14[[#This Row],[負重150g(1)]],表格14[[#This Row],[負重150g(2)]]) -> 45.961941 | AE4: =AVERAGE(表格14[[#This Row],[標準差50g]:[標準差150g]]) -> 26.516504 | AF4: =AVERAGE(表格14[[#This Row],[標準差0g]:[標準差150g]]) -> 28.65789 | AG4: =-10*LOG10(1/3*((1/表格14[[#This Row],[負重0g(1)]])^2+(1/表格14[[#This Row],[負重0g(2)]])^2+(1/表格14[[#This Row],[負重0g(3)]])^2)) -> 54.649762 | AH4: =-10*LOG10(1/9*((1/$L4)^2+(1/$M4)^2+(1/$N4)^2+(1/$O4)^2+(1/P4)^2+(1/$Q4)^2+(1/$R4)^2+(1/$S4)^2+(1/$T4)^2)) -> 53.8472 | AI4: 0.88888889 | AJ4: =RANK(表格14[[#This Row],[有負重平均值]],表格14[有負重平均值]) -> 26 | AK4: =RANK(表格14[[#This Row],[全部平均值]],表格14[全部平均值]) -> 27 | AL4: =RANK(表格14[[#This Row],[有負重標準差平均]],表格14[有負重標準差平均],1) -> 15 | AM4: =RANK(表格14[[#This Row],[全部標準差平均]],表格14[全部標準差平均],1) -> 15 | AN4: =RANK(表格14[[#This Row],[全部負重SN ratio]],表格14[全部負重SN ratio]) -> 24 | AO4: =AVERAGE(表格14[[#This Row],[有負重平均排名]:[全部SN ratio 排名]]) -> 21.4 | AP4: =RANK(表格14[[#This Row],[綜合排名平均]],表格14[綜合排名平均],1) -> 27
A5: 4 | B5: 1:1 | C5: 雙 | D5: 2個 | E5: 3輪 | F5: 小(35mm) | G5: 大(45mm) | H5: 單(3.5mm) | I5: 後驅 | J5: 有 | K5: 無 | L5: 756 | M5: 668 | N5: 702.5 | O5: 565 | P5: 572 | Q5: 508 | R5: 503.5 | S5: 489 | T5: 387 | U5: =AVERAGE(L5,M5,N5) -> 708.83333 | V5: =AVERAGE(O5,P5) -> 568.5 | W5: =AVERAGE(Q5,R5) -> 505.75 | X5: =AVERAGE(S5,T5) -> 438 | Y5: =AVERAGE(表格14[[#This Row],[負重50g(1)]:[負重150g(2)]]) -> 504.08333 | Z5: =AVERAGE(表格14[[#This Row],[負重0g(1)]:[負重150g(2)]]) -> 572.33333 | AA5: =_xlfn.STDEV.S(表格14[[#This Row],[負重0g(1)]],表格14[[#This Row],[負重0g(2)]],表格14[[#This Row],[負重0g(3)]]) -> 44.340538 | AB5: =_xlfn.STDEV.S(表格14[[#This Row],[負重50g(1)]],表格14[[#This Row],[負重50g(2)]]) -> 4.9497475 | AC5: =_xlfn.STDEV.S(表格14[[#This Row],[負重100g(1)]],表格14[[#This Row],[負重100g(2)]]) -> 3.1819805 | AD5: =_xlfn.STDEV.S(表格14[[#This Row],[負重150g(1)]],表格14[[#This Row],[負重150g(2)]]) -> 72.124892 | AE5: =AVERAGE(表格14[[#This Row],[標準差50g]:[標準差150g]]) -> 26.752207 | AF5: =AVERAGE(表格14[[#This Row],[標準差0g]:[標準差150g]]) -> 31.149289 | AG5: =-10*LOG10(1/3*((1/表格14[[#This Row],[負重0g(1)]])^2+(1/表格14[[#This Row],[負重0g(2)]])^2+(1/表格14[[#This Row],[負重0g(3)]])^2)) -> 56.977402 | AH5: =-10*LOG10(1/9*((1/$L5)^2+(1/$M5)^2+(1/$N5)^2+(1/$O5)^2+(1/P5)^2+(1/$Q5)^2+(1/$R5)^2+(1/$S5)^2+(1/$T5)^2)) -> 54.645018 | AI5: 0.33333333 | AJ5: =RANK(表格14[[#This Row],[有負重平均值]],表格14[有負重平均值]) -> 23 | AK5: =RANK(表格14[[#This Row],[全部平均值]],表格14[全部平均值]) -> 24 | AL5: =RANK(表格14[[#This Row],[有負重標準差平均]],表格14[有負重標準差平均],1) -> 17 | AM5: =RANK(表格14[[#This Row],[全部標準差平均]],表格14[全部標準差平均],1) -> 16 | AN5: =RANK(表格14[[#This Row],[全部負重SN ratio]],表格14[全部負重SN ratio]) -> 21 | AO5: =AVERAGE(表格14[[#This Row],[有負重平均排名]:[全部SN ratio 排名]]) -> 20.2 | AP5: =RANK(表格14[[#This Row],[綜合排名平均]],表格14[綜合排名平均],1) -> 24
A6: 5 | B6: 1:1 | C6: 單 | D6: 3個 | E6: 4輪 | F6: 小(35mm) | G6: 大(45mm) | H6: 雙(7mm) | I6: 前驅 | J6: 有 | K6: 無 | L6: 627 | M6: 586 | N6: 600 | O6: 487 | P6: 531 | Q6: 463 | R6: 431 | S6: 382 | T6: 391 | U6: =AVERAGE(L6,M6,N6) -> 604.33333 | V6: =AVERAGE(O6,P6) -> 509 | W6: =AVERAGE(Q6,R6) -> 447 | X6: =AVERAGE(S6,T6) -> 386.5 | Y6: =AVERAGE(表格14[[#This Row],[負重50g(1)]:[負重150g(2)]]) -> 447.5 | Z6: =AVERAGE(表格14[[#This Row],[負重0g(1)]:[負重150g(2)]]) -> 499.77778 | AA6: =_xlfn.STDEV.S(表格14[[#This Row],[負重0g(1)]],表格14[[#This Row],[負重0g(2)]],表格14[[#This Row],[負重0g(3)]]) -> 20.840665 | AB6: =_xlfn.STDEV.S(表格14[[#This Row],[負重50g(1)]],表格14[[#This Row],[負重50g(2)]]) -> 31.112698 | AC6: =_xlfn.STDEV.S(表格14[[#This Row],[負重100g(1)]],表格14[[#This Row],[負重100g(2)]]) -> 22.627417 | AD6: =_xlfn.STDEV.S(表格14[[#This Row],[負重150g(1)]],表格14[[#This Row],[負重150g(2)]]) -> 6.363961 | AE6: =AVERAGE(表格14[[#This Row],[標準差50g]:[標準差150g]]) -> 20.034692 | AF6: =AVERAGE(表格14[[#This Row],[標準差0g]:[標準差150g]]) -> 20.236185 | AG6: =-10*LOG10(1/3*((1/表格14[[#This Row],[負重0g(1)]])^2+(1/表格14[[#This Row],[負重0g(2)]])^2+(1/表格14[[#This Row],[負重0g(3)]])^2)) -> 55.615335 | AH6: =-10*LOG10(1/9*((1/$L6)^2+(1/$M6)^2+(1/$N6)^2+(1/$O6)^2+(1/P6)^2+(1/$Q6)^2+(1/$R6)^2+(1/$S6)^2+(1/$T6)^2)) -> 53.583212 | AI6: 0.66666667 | AJ6: =RANK(表格14[[#This Row],[有負重平均值]],表格14[有負重平均值]) -> 28 | AK6: =RANK(表格14[[#This Row],[全部平均值]],表格14[全部平均值]) -> 26 | AL6: =RANK(表格14[[#This Row],[有負重標準差平均]],表格14[有負重標準差平均],1) -> 10 | AM6: =RANK(表格14[[#This Row],[全部標準差平均]],表格14[全部標準差平均],1) -> 6 | AN6: =RANK(表格14[[#This Row],[全部負重SN ratio]],表格14[全部負重SN ratio]) -> 25 | AO6: =AVERAGE(表格14[[#This Row],[有負重平均排名]:[全部SN ratio 排名]]) -> 19 | AP6: =RANK(表格14[[#This Row],[綜合排名平均]],表格14[綜合排名平均],1) -> 20
A7: 6 | B7: 1:1 | C7: 單 | D7: 3個 | E7: 3輪 | F7: 大(45mm) | G7: 小(35mm) | H7: 單(3.5mm) | I7: 前驅 | J7: 有 | K7: 無 | L7: 756 | M7: 531 | N7: 720 | O7: 625 | P7: 723 | Q7: 570.5 | R7: 583 | S7: 505 | T7: 503 | U7: =AVERAGE(L7,M7,N7) -> 669 | V7: =AVERAGE(O7,P7) -> 674 | W7: =AVERAGE(Q7,R7) -> 576.75 | X7: =AVERAGE(S7,T7) -> 504 | Y7: =AVERAGE(表格14[[#This Row],[負重50g(1)]:[負重150g(2)]]) -> 584.91667 | Z7: =AVERAGE(表格14[[#This Row],[負重0g(1)]:[負重150g(2)]]) -> 612.94444 | AA7: =_xlfn.STDEV.S(表格14[[#This Row],[負重0g(1)]],表格14[[#This Row],[負重0g(2)]],表格14[[#This Row],[負重0g(3)]]) -> 120.85942 | AB7: =_xlfn.STDEV.S(表格14[[#This Row],[負重50g(1)]],表格14[[#This Row],[負重50g(2)]]) -> 69.296465 | AC7: =_xlfn.STDEV.S(表格14[[#This Row],[負重100g(1)]],表格14[[#This Row],[負重100g(2)]]) -> 8.8388348 | AD7: =_xlfn.STDEV.S(表格14[[#This Row],[負重150g(1)]],表格14[[#This Row],[負重150g(2)]]) -> 1.4142136 | AE7: =AVERAGE(表格14[[#This Row],[標準差50g]:[標準差150g]]) -> 26.516504 | AF7: =AVERAGE(表格14[[#This Row],[標準差0g]:[標準差150g]]) -> 50.102234 | AG7: =-10*LOG10(1/3*((1/表格14[[#This Row],[負重0g(1)]])^2+(1/表格14[[#This Row],[負重0g(2)]])^2+(1/表格14[[#This Row],[負重0g(3)]])^2)) -> 56.18267 | AH7: =-10*LOG10(1/9*((1/$L7)^2+(1/$M7)^2+(1/$N7)^2+(1/$O7)^2+(1/P7)^2+(1/$Q7)^2+(1/$R7)^2+(1/$S7)^2+(1/$T7)^2)) -> 55.46231 | AI7: 0.66666667 | AJ7: =RANK(表格14[[#This Row],[有負重平均值]],表格14[有負重平均值]) -> 16 | AK7: =RANK(表格14[[#This Row],[全部平均值]],表格14[全部平均值]) -> 22 | AL7: =RANK(表格14[[#This Row],[有負重標準差平均]],表格14[有負重標準差平均],1) -> 15 | AM7: =RANK(表格14[[#This Row],[全部標準差平均]],表格14[全部標準差平均],1) -> 23 | AN7: =RANK(表格14[[#This Row],[全部負重SN ratio]],表格14[全部負重SN ratio]) -> 17 | AO7: =AVERAGE(表格14[[#This Row],[有負重平均排名]:[全部SN ratio 排名]]) -> 18.6 | AP7: =RANK(表格14[[#This Row],[綜合排名平均]],表格14[綜合排名平均],1) -> 19
A8: 7 | B8: 1:1 | C8: 單 | D8: 2個 | E8: 4輪 | F8: 小(35mm) | G8: 小(35mm) | H8: 單(3.5mm) | I8: 後驅 | J8: 有 | K8: 無 | L8: 591 | M8: 599.5 | N8: 583 | O8: 529 | P8: 495 | Q8: 523 | R8: 501 | S8: 456.5 | T8: 491 | U8: =AVERAGE(L8,M8,N8) -> 591.16667 | V8: =AVERAGE(O8,P8) -> 512 | W8: =AVERAGE(Q8,R8) -> 512 | X8: =AVERAGE(S8,T8) -> 473.75 | Y8: =AVERAGE(表格14[[#This Row],[負重50g(1)]:[負重150g(2)]]) -> 499.25 | Z8: =AVERAGE(表格14[[#This Row],[負重0g(1)]:[負重150g(2)]]) -> 529.88889 | AA8: =_xlfn.STDEV.S(表格14[[#This Row],[負重0g(1)]],表格14[[#This Row],[負重0g(2)]],表格14[[#This Row],[負重0g(3)]]) -> 8.2512625 | AB8: =_xlfn.STDEV.S(表格14[[#This Row],[負重50g(1)]],表格14[[#This Row],[負重50g(2)]]) -> 24.041631 | AC8: =_xlfn.STDEV.S(表格14[[#This Row],[負重100g(1)]],表格14[[#This Row],[負重100g(2)]]) -> 15.556349 | AD8: =_xlfn.STDEV.S(表格14[[#This Row],[負重150g(1)]],表格14[[#This Row],[負重150g(2)]]) -> 24.395184 | AE8: =AVERAGE(表格14[[#This Row],[標準差50g]:[標準差150g]]) -> 21.331055 | AF8: =AVERAGE(表格14[[#This Row],[標準差0g]:[標準差150g]]) -> 18.061107 | AG8: =-10*LOG10(1/3*((1/表格14[[#This Row],[負重0g(1)]])^2+(1/表格14[[#This Row],[負重0g(2)]])^2+(1/表格14[[#This Row],[負重0g(3)]])^2)) -> 55.432507 | AH8: =-10*LOG10(1/9*((1/$L8)^2+(1/$M8)^2+(1/$N8)^2+(1/$O8)^2+(1/P8)^2+(1/$Q8)^2+(1/$R8)^2+(1/$S8)^2+(1/$T8)^2)) -> 54.379869 | AI8: 0.66666667 | AJ8: =RANK(表格14[[#This Row],[有負重平均值]],表格14[有負重平均值]) -> 24 | AK8: =RANK(表格14[[#This Row],[全部平均值]],表格14[全部平均值]) -> 25 | AL8: =RANK(表格14[[#This Row],[有負重標準差平均]],表格14[有負重標準差平均],1) -> 12 | AM8: =RANK(表格14[[#This Row],[全部標準差平均]],表格14[全部標準差平均],1) -> 4 | AN8: =RANK(表格14[[#This Row],[全部負重SN ratio]],表格14[全部負重SN ratio]) -> 22 | AO8: =AVERAGE(表格14[[#This Row],[有負重平均排名]:[全部SN ratio 排名]]) -> 17.4 | AP8: =RANK(表格14[[#This Row],[綜合排名平均]],表格14[綜合排名平均],1) -> 17
A9: 8 | B9: 1:1 | C9: 單 | D9: 2個 | E9: 3輪 | F9: 大(45mm) | G9: 大(45mm) | H9: 雙(7mm) | I9: 後驅 | J9: 有 | K9: 無 | L9: 762 | M9: 772 | N9: 743 | O9: 634 | P9: 632 | Q9: 577 | R9: 577.5 | S9: 511.5 | T9: 552.5 | U9: =AVERAGE(L9,M9,N9) -> 759 | V9: =AVERAGE(O9,P9) -> 633 | W9: =AVERAGE(Q9,R9) -> 577.25 | X9: =AVERAGE(S9,T9) -> 532 | Y9: =AVERAGE(表格14[[#This Row],[負重50g(1)]:[負重150g(2)]]) -> 580.75 | Z9: =AVERAGE(表格14[[#This Row],[負重0g(1)]:[負重150g(2)]]) -> 640.16667 | AA9: =_xlfn.STDEV.S(表格14[[#This Row],[負重0g(1)]],表格14[[#This Row],[負重0g(2)]],表格14[[#This Row],[負重0g(3)]]) -> 14.73092 | AB9: =_xlfn.STDEV.S(表格14[[#This Row],[負重50g(1)]],表格14[[#This Row],[負重50g(2)]]) -> 1.4142136 | AC9: =_xlfn.STDEV.S(表格14[[#This Row],[負重100g(1)]],表格14[[#This Row],[負重100g(2)]]) -> 0.35355339 | AD9: =_xlfn.STDEV.S(表格14[[#This Row],[負重150g(1)]],表格14[[#This Row],[負重150g(2)]]) -> 28.991378 | AE9: =AVERAGE(表格14[[#This Row],[標準差50g]:[標準差150g]]) -> 10.253048 | AF9: =AVERAGE(表格14[[#This Row],[標準差0g]:[標準差150g]]) -> 11.372516 | AG9: =-10*LOG10(1/3*((1/表格14[[#This Row],[負重0g(1)]])^2+(1/表格14[[#This Row],[負重0g(2)]])^2+(1/表格14[[#This Row],[負重0g(3)]])^2)) -> 57.601538 | AH9: =-10*LOG10(1/9*((1/$L9)^2+(1/$M9)^2+(1/$N9)^2+(1/$O9)^2+(1/P9)^2+(1/$Q9)^2+(1/$R9)^2+(1/$S9)^2+(1/$T9)^2)) -> 55.868273 | AI9: 0.55555556 | AJ9: =RANK(表格14[[#This Row],[有負重平均值]],表格14[有負重平均值]) -> 18 | AK9: =RANK(表格14[[#This Row],[全部平均值]],表格14[全部平均值]) -> 20 | AL9: =RANK(表格14[[#This Row],[有負重標準差平均]],表格14[有負重標準差平均],1) -> 6 | AM9: =RANK(表格14[[#This Row],[全部標準差平均]],表格14[全部標準差平均],1) -> 2 | AN9: =RANK(表格14[[#This Row],[全部負重SN ratio]],表格14[全部負重SN ratio]) -> 13 | AO9: =AVERAGE(表格14[[#This Row],[有負重平均排名]:[全部SN ratio 排名]]) -> 11.8 | AP9: =RANK(表格14[[#This Row],[綜合排名平均]],表格14[綜合排名平均],1) -> 8
A10: 9 | B10: 1:2 | C10: 雙 | D10: 3個 | E10: 4輪 | F10: 大(45mm) | G10: 大(45mm) | H10: 雙(7mm) | I10: 前驅 | J10: 有 | K10: 無 | L10: 773 | M10: 834 | N10: 858 | O10: 675 | P10: 641 | Q10: 611 | R10: 520 | S10: 514 | T10: 486 | U10: =AVERAGE(L10,M10,N10) -> 821.66667 | V10: =AVERAGE(O10,P10) -> 658 | W10: =AVERAGE(Q10,R10) -> 565.5 | X10: =AVERAGE(S10,T10) -> 500 | Y10: =AVERAGE(表格14[[#This Row],[負重50g(1)]:[負重150g(2)]]) -> 574.5 | Z10: =AVERAGE(表格14[[#This Row],[負重0g(1)]:[負重150g(2)]]) -> 656.88889 | AA10: =_xlfn.STDEV.S(表格14[[#This Row],[負重0g(1)]],表格14[[#This Row],[負重0g(2)]],表格14[[#This Row],[負重0g(3)]]) -> 43.821608 | AB10: =_xlfn.STDEV.S(表格14[[#This Row],[負重50g(1)]],表格14[[#This Row],[負重50g(2)]]) -> 24.041631 | AC10: =_xlfn.STDEV.S(表格14[[#This Row],[負重100g(1)]],表格14[[#This Row],[負重100g(2)]]) -> 64.346717 | AD10: =_xlfn.STDEV.S(表格14[[#This Row],[負重150g(1)]],表格14[[#This Row],[負重150g(2)]]) -> 19.79899 | AE10: =AVERAGE(表格14[[#This Row],[標準差50g]:[標準差150g]]) -> 36.062446 | AF10: =AVERAGE(表格14[[#This Row],[標準差0g]:[標準差150g]]) -> 38.002236 | AG10: =-10*LOG10(1/3*((1/表格14[[#This Row],[負重0g(1)]])^2+(1/表格14[[#This Row],[負重0g(2)]])^2+(1/表格14[[#This Row],[負重0g(3)]])^2)) -> 58.268477 | AH10: =-10*LOG10(1/9*((1/$L10)^2+(1/$M10)^2+(1/$N10)^2+(1/$O10)^2+(1/P10)^2+(1/$Q10)^2+(1/$R10)^2+(1/$S10)^2+(1/$T10)^2)) -> 55.832863 | AI10: 0 | AJ10: =RANK(表格14[[#This Row],[有負重平均值]],表格14[有負重平均值]) -> 19 | AK10: =RANK(表格14[[#This Row],[全部平均值]],表格14[全部平均值]) -> 19 | AL10: =RANK(表格14[[#This Row],[有負重標準差平均]],表格14[有負重標準差平均],1) -> 24 | AM10: =RANK(表格14[[#This Row],[全部標準差平均]],表格14[全部標準差平均],1) -> 21 | AN10: =RANK(表格14[[#This Row],[全部負重SN ratio]],表格14[全部負重SN ratio]) -> 14 | AO10: =AVERAGE(表格14[[#This Row],[有負重平均排名]:[全部SN ratio 排名]]) -> 19.4 | AP10: =RANK(表格14[[#This Row],[綜合排名平均]],表格14[綜合排名平均],1) -> 23
A11: 10 | B11: 1:2 | C11: 雙 | D11: 3個 | E11: 3輪 | F11: 小(35mm) | G11: 小(35mm) | H11: 單(3.5mm) | I11: 前驅 | J11: 有 | K11: 無 | L11: 1088 | M11: 983 | N11: 1010 | O11: 967 | P11: 943.5 | Q11: 578 | R11: 572 | S11: 328 | T11: 348.5 | U11: =AVERAGE(L11,M11,N11) -> 1027 | V11: =AVERAGE(O11,P11) -> 955.25 | W11: =AVERAGE(Q11,R11) -> 575 | X11: =AVERAGE(S11,T11) -> 338.25 | Y11: =AVERAGE(表格14[[#This Row],[負重50g(1)]:[負重150g(2)]]) -> 622.83333 | Z11: =AVERAGE(表格14[[#This Row],[負重0g(1)]:[負重150g(2)]]) -> 757.55556 | AA11: =_xlfn.STDEV.S(表格14[[#This Row],[負重0g(1)]],表格14[[#This Row],[負重0g(2)]],表格14[[#This Row],[負重0g(3)]]) -> 54.525224 | AB11: =_xlfn.STDEV.S(表格14[[#This Row],[負重50g(1)]],表格14[[#This Row],[負重50g(2)]]) -> 16.617009 | AC11: =_xlfn.STDEV.S(表格14[[#This Row],[負重100g(1)]],表格14[[#This Row],[負重100g(2)]]) -> 4.2426407 | AD11: =_xlfn.STDEV.S(表格14[[#This Row],[負重150g(1)]],表格14[[#This Row],[負重150g(2)]]) -> 14.495689 | AE11: =AVERAGE(表格14[[#This Row],[標準差50g]:[標準差150g]]) -> 11.785113 | AF11: =AVERAGE(表格14[[#This Row],[標準差0g]:[標準差150g]]) -> 22.470141 | AG11: =-10*LOG10(1/3*((1/表格14[[#This Row],[負重0g(1)]])^2+(1/表格14[[#This Row],[負重0g(2)]])^2+(1/表格14[[#This Row],[負重0g(3)]])^2)) -> 60.207612 | AH11: =-10*LOG10(1/9*((1/$L11)^2+(1/$M11)^2+(1/$N11)^2+(1/$O11)^2+(1/P11)^2+(1/$Q11)^2+(1/$R11)^2+(1/$S11)^2+(1/$T11)^2)) -> 54.974041 | AI11: 0.55555556 | AJ11: =RANK(表格14[[#This Row],[有負重平均值]],表格14[有負重平均值]) -> 14 | AK11: =RANK(表格14[[#This Row],[全部平均值]],表格14[全部平均值]) -> 14 | AL11: =RANK(表格14[[#This Row],[有負重標準差平均]],表格14[有負重標準差平均],1) -> 7 | AM11: =RANK(表格14[[#This Row],[全部標準差平均]],表格14[全部標準差平均],1) -> 10 | AN11: =RANK(表格14[[#This Row],[全部負重SN ratio]],表格14[全部負重SN ratio]) -> 20 | AO11: =AVERAGE(表格14[[#This Row],[有負重平均排名]:[全部SN ratio 排名]]) -> 13 | AP11: =RANK(表格14[[#This Row],[綜合排名平均]],表格14[綜合排名平均],1) -> 11
A12: 11 | B12: 1:2 | C12: 雙 | D12: 2個 | E12: 4輪 | F12: 大(45mm) | G12: 小(35mm) | H12: 單(3.5mm) | I12: 後驅 | J12: 有 | K12: 無 | L12: 1006 | M12: 1124 | N12: 1132 | O12: 1005 | P12: 991 | Q12: 810 | R12: 623 | S12: 596.5 | T12: 618 | U12: =AVERAGE(L12,M12,N12) -> 1087.3333 | V12: =AVERAGE(O12,P12) -> 998 | W12: =AVERAGE(Q12,R12) -> 716.5 | X12: =AVERAGE(S12,T12) -> 607.25 | Y12: =AVERAGE(表格14[[#This Row],[負重50g(1)]:[負重150g(2)]]) -> 773.91667 | Z12: =AVERAGE(表格14[[#This Row],[負重0g(1)]:[負重150g(2)]]) -> 878.38889 | AA12: =_xlfn.STDEV.S(表格14[[#This Row],[負重0g(1)]],表格14[[#This Row],[負重0g(2)]],表格14[[#This Row],[負重0g(3)]]) -> 70.550219 | AB12: =_xlfn.STDEV.S(表格14[[#This Row],[負重50g(1)]],表格14[[#This Row],[負重50g(2)]]) -> 9.8994949 | AC12: =_xlfn.STDEV.S(表格14[[#This Row],[負重100g(1)]],表格14[[#This Row],[負重100g(2)]]) -> 132.22897 | AD12: =_xlfn.STDEV.S(表格14[[#This Row],[負重150g(1)]],表格14[[#This Row],[負重150g(2)]]) -> 15.202796 | AE12: =AVERAGE(表格14[[#This Row],[標準差50g]:[標準差150g]]) -> 52.443753 | AF12: =AVERAGE(表格14[[#This Row],[標準差0g]:[標準差150g]]) -> 56.970369 | AG12: =-10*LOG10(1/3*((1/表格14[[#This Row],[負重0g(1)]])^2+(1/表格14[[#This Row],[負重0g(2)]])^2+(1/表格14[[#This Row],[負重0g(3)]])^2)) -> 60.688781 | AH12: =-10*LOG10(1/9*((1/$L12)^2+(1/$M12)^2+(1/$N12)^2+(1/$O12)^2+(1/P12)^2+(1/$Q12)^2+(1/$R12)^2+(1/$S12)^2+(1/$T12)^2)) -> 58.050926 | AI12: 0.55555556 | AJ12: =RANK(表格14[[#This Row],[有負重平均值]],表格14[有負重平均值]) -> 4 | AK12: =RANK(表格14[[#This Row],[全部平均值]],表格14[全部平均值]) -> 2 | AL12: =RANK(表格14[[#This Row],[有負重標準差平均]],表格14[有負重標準差平均],1) -> 27 | AM12: =RANK(表格14[[#This Row],[全部標準差平均]],表格14[全部標準差平均],1) -> 25 | AN12: =RANK(表格14[[#This Row],[全部負重SN ratio]],表格14[全部負重SN ratio]) -> 5 | AO12: =AVERAGE(表格14[[#This Row],[有負重平均排名]:[全部SN ratio 排名]]) -> 12.6 | AP12: =RANK(表格14[[#This Row],[綜合排名平均]],表格14[綜合排名平均],1) -> 10
A13: 12 | B13: 1:2 | C13: 雙 | D13: 2個 | E13: 3輪 | F13: 小(35mm) | G13: 大(45mm) | H13: 雙(7mm) | I13: 後驅 | J13: 有 | K13: 無 | L13: 1337 | M13: 1295 | N13: 989 | O13: 497 | P13: 528 | Q13: 475 | R13: 467 | S13: 454 | T13: 469 | U13: =AVERAGE(L13,M13,N13) -> 1207 | V13: =AVERAGE(O13,P13) -> 512.5 | W13: =AVERAGE(Q13,R13) -> 471 | X13: =AVERAGE(S13,T13) -> 461.5 | Y13: =AVERAGE(表格14[[#This Row],[負重50g(1)]:[負重150g(2)]]) -> 481.66667 | Z13: =AVERAGE(表格14[[#This Row],[負重0g(1)]:[負重150g(2)]]) -> 723.44444 | AA13: =_xlfn.STDEV.S(表格14[[#This Row],[負重0g(1)]],表格14[[#This Row],[負重0g(2)]],表格14[[#This Row],[負重0g(3)]]) -> 189.95789 | AB13: =_xlfn.STDEV.S(表格14[[#This Row],[負重50g(1)]],表格14[[#This Row],[負重50g(2)]]) -> 21.92031 | AC13: =_xlfn.STDEV.S(表格14[[#This Row],[負重100g(1)]],表格14[[#This Row],[負重100g(2)]]) -> 5.6568542 | AD13: =_xlfn.STDEV.S(表格14[[#This Row],[負重150g(1)]],表格14[[#This Row],[負重150g(2)]]) -> 10.606602 | AE13: =AVERAGE(表格14[[#This Row],[標準差50g]:[標準差150g]]) -> 12.727922 | AF13: =AVERAGE(表格14[[#This Row],[標準差0g]:[標準差150g]]) -> 57.035414 | AG13: =-10*LOG10(1/3*((1/表格14[[#This Row],[負重0g(1)]])^2+(1/表格14[[#This Row],[負重0g(2)]])^2+(1/表格14[[#This Row],[負重0g(3)]])^2)) -> 61.390471 | AH13: =-10*LOG10(1/9*((1/$L13)^2+(1/$M13)^2+(1/$N13)^2+(1/$O13)^2+(1/P13)^2+(1/$Q13)^2+(1/$R13)^2+(1/$S13)^2+(1/$T13)^2)) -> 55.035495 | AI13: 0.22222222 | AJ13: =RANK(表格14[[#This Row],[有負重平均值]],表格14[有負重平均值]) -> 25 | AK13: =RANK(表格14[[#This Row],[全部平均值]],表格14[全部平均值]) -> 17 | AL13: =RANK(表格14[[#This Row],[有負重標準差平均]],表格14[有負重標準差平均],1) -> 8 | AM13: =RANK(表格14[[#This Row],[全部標準差平均]],表格14[全部標準差平均],1) -> 26 | AN13: =RANK(表格14[[#This Row],[全部負重SN ratio]],表格14[全部負重SN ratio]) -> 19 | AO13: =AVERAGE(表格14[[#This Row],[有負重平均排名]:[全部SN ratio 排名]]) -> 19 | AP13: =RANK(表格14[[#This Row],[綜合排名平均]],表格14[綜合排名平均],1) -> 20
... A24: 23 | B24: 無齒輪 | C24: 無齒輪 | D24: 無齒輪 | E24: 4輪 | F24: 大(45mm) | G24: 大(45mm) | H24: 單(3.5mm) | I24: 前驅 | J24: 無 | K24: 無 | L24: 1107 | M24: 1157 | N24: 1127 | O24: 854 | P24: 811 | Q24: 765 | R24: 713 | S24: 700 | T24: 698 | U24: =AVERAGE(L24,M24,N24) -> 1130.3333 | V24: =AVERAGE(O24,P24) -> 832.5 | W24: =AVERAGE(Q24,R24) -> 739 | X24: =AVERAGE(S24,T24) -> 699 | Y24: =AVERAGE(表格14[[#This Row],[負重50g(1)]:[負重150g(2)]]) -> 756.83333 | Z24: =AVERAGE(表格14[[#This Row],[負重0g(1)]:[負重150g(2)]]) -> 881.33333 | AA24: =_xlfn.STDEV.S(表格14[[#This Row],[負重0g(1)]],表格14[[#This Row],[負重0g(2)]],表格14[[#This Row],[負重0g(3)]]) -> 25.166115 | AB24: =_xlfn.STDEV.S(表格14[[#This Row],[負重50g(1)]],表格14[[#This Row],[負重50g(2)]]) -> 30.405592 | AC24: =_xlfn.STDEV.S(表格14[[#This Row],[負重100g(1)]],表格14[[#This Row],[負重100g(2)]]) -> 36.769553 | AD24: =_xlfn.STDEV.S(表格14[[#This Row],[負重150g(1)]],表格14[[#This Row],[負重150g(2)]]) -> 1.4142136 | AE24: =AVERAGE(表格14[[#This Row],[標準差50g]:[標準差150g]]) -> 22.863119 | AF24: =AVERAGE(表格14[[#This Row],[標準差0g]:[標準差150g]]) -> 23.438868 | AG24: =-10*LOG10(1/3*((1/表格14[[#This Row],[負重0g(1)]])^2+(1/表格14[[#This Row],[負重0g(2)]])^2+(1/表格14[[#This Row],[負重0g(3)]])^2)) -> 61.059849 | AH24: =-10*LOG10(1/9*((1/$L24)^2+(1/$M24)^2+(1/$N24)^2+(1/$O24)^2+(1/P24)^2+(1/$Q24)^2+(1/$R24)^2+(1/$S24)^2+(1/$T24)^2)) -> 58.39929 | AI24: 1 | AJ24: =RANK(表格14[[#This Row],[有負重平均值]],表格14[有負重平均值]) -> 5 | AK24: =RANK(表格14[[#This Row],[全部平均值]],表格14[全部平均值]) -> 1 | AL24: =RANK(表格14[[#This Row],[有負重標準差平均]],表格14[有負重標準差平均],1) -> 13 | AM24: =RANK(表格14[[#This Row],[全部標準差平均]],表格14[全部標準差平均],1) -> 12 | AN24: =RANK(表格14[[#This Row],[全部負重SN ratio]],表格14[全部負重SN ratio]) -> 3 | AO24: =AVERAGE(表格14[[#This Row],[有負重平均排名]:[全部SN ratio 排名]]) -> 6.8 | AP24: =RANK(表格14[[#This Row],[綜合排名平均]],表格14[綜合排名平均],1) -> 4
A25: 24 | B25: 1:2 | C25: 單 | D25: 2個 | E25: 4輪 | F25: 大(45mm) | G25: 大(45mm) | H25: 單(3.5mm) | I25: 後驅 | J25: 無 | K25: 無 | L25: 1280 | M25: 1268 | N25: 1270 | O25: 706 | P25: 700 | Q25: 500 | R25: 505 | S25: 442 | T25: 420 | U25: =AVERAGE(L25,M25,N25) -> 1272.6667 | V25: =AVERAGE(O25,P25) -> 703 | W25: =AVERAGE(Q25,R25) -> 502.5 | X25: =AVERAGE(S25,T25) -> 431 | Y25: =AVERAGE(表格14[[#This Row],[負重50g(1)]:[負重150g(2)]]) -> 545.5 | Z25: =AVERAGE(表格14[[#This Row],[負重0g(1)]:[負重150g(2)]]) -> 787.88889 | AA25: =_xlfn.STDEV.S(表格14[[#This Row],[負重0g(1)]],表格14[[#This Row],[負重0g(2)]],表格14[[#This Row],[負重0g(3)]]) -> 6.4291005 | AB25: =_xlfn.STDEV.S(表格14[[#This Row],[負重50g(1)]],表格14[[#This Row],[負重50g(2)]]) -> 4.2426407 | AC25: =_xlfn.STDEV.S(表格14[[#This Row],[負重100g(1)]],表格14[[#This Row],[負重100g(2)]]) -> 3.5355339 | AD25: =_xlfn.STDEV.S(表格14[[#This Row],[負重150g(1)]],表格14[[#This Row],[負重150g(2)]]) -> 15.556349 | AE25: =AVERAGE(表格14[[#This Row],[標準差50g]:[標準差150g]]) -> 7.7781746 | AF25: =AVERAGE(表格14[[#This Row],[標準差0g]:[標準差150g]]) -> 7.4409061 | AG25: =-10*LOG10(1/3*((1/表格14[[#This Row],[負重0g(1)]])^2+(1/表格14[[#This Row],[負重0g(2)]])^2+(1/表格14[[#This Row],[負重0g(3)]])^2)) -> 62.094072 | AH25: =-10*LOG10(1/9*((1/$L25)^2+(1/$M25)^2+(1/$N25)^2+(1/$O25)^2+(1/P25)^2+(1/$Q25)^2+(1/$R25)^2+(1/$S25)^2+(1/$T25)^2)) -> 55.631632 | AI25: =3/9 -> 0.33333333 | AJ25: =RANK(表格14[[#This Row],[有負重平均值]],表格14[有負重平均值]) -> 21 | AK25: =RANK(表格14[[#This Row],[全部平均值]],表格14[全部平均值]) -> 12 | AL25: =RANK(表格14[[#This Row],[有負重標準差平均]],表格14[有負重標準差平均],1) -> 3 | AM25: =RANK(表格14[[#This Row],[全部標準差平均]],表格14[全部標準差平均],1) -> 1 | AN25: =RANK(表格14[[#This Row],[全部負重SN ratio]],表格14[全部負重SN ratio]) -> 15 | AO25: =AVERAGE(表格14[[#This Row],[有負重平均排名]:[全部SN ratio 排名]]) -> 10.4 | AP25: =RANK(表格14[[#This Row],[綜合排名平均]],表格14[綜合排名平均],1) -> 7
A26: 25 | B26: 無齒輪 | C26: 無齒輪 | D26: 無齒輪 | E26: 4輪 | F26: 大(45mm) | G26: 大(45mm) | H26: 單(3.5mm) | I26: 前驅 | J26: 無 | K26: 有 | L26: 887 | M26: 880 | N26: 987 | O26: 789 | P26: 775 | Q26: 900 | R26: 918 | S26: 875 | T26: 880 | U26: =AVERAGE(L26,M26,N26) -> 918 | V26: =AVERAGE(O26,P26) -> 782 | W26: =AVERAGE(Q26,R26) -> 909 | X26: =AVERAGE(S26,T26) -> 877.5 | Y26: =AVERAGE(表格14[[#This Row],[負重50g(1)]:[負重150g(2)]]) -> 856.16667 | Z26: =AVERAGE(表格14[[#This Row],[負重0g(1)]:[負重150g(2)]]) -> 876.77778 | AA26: =_xlfn.STDEV.S(表格14[[#This Row],[負重0g(1)]],表格14[[#This Row],[負重0g(2)]],表格14[[#This Row],[負重0g(3)]]) -> 59.858166 | AB26: =_xlfn.STDEV.S(表格14[[#This Row],[負重50g(1)]],表格14[[#This Row],[負重50g(2)]]) -> 9.8994949 | AC26: =_xlfn.STDEV.S(表格14[[#This Row],[負重100g(1)]],表格14[[#This Row],[負重100g(2)]]) -> 12.727922 | AD26: =_xlfn.STDEV.S(表格14[[#This Row],[負重150g(1)]],表格14[[#This Row],[負重150g(2)]]) -> 3.5355339 | AE26: =AVERAGE(表格14[[#This Row],[標準差50g]:[標準差150g]]) -> 8.7209836 | AF26: =AVERAGE(表格14[[#This Row],[標準差0g]:[標準差150g]]) -> 21.505279 | AG26: =-10*LOG10(1/3*((1/表格14[[#This Row],[負重0g(1)]])^2+(1/表格14[[#This Row],[負重0g(2)]])^2+(1/表格14[[#This Row],[負重0g(3)]])^2)) -> 59.221648 | AH26: =-10*LOG10(1/9*((1/$L26)^2+(1/$M26)^2+(1/$N26)^2+(1/$O26)^2+(1/P26)^2+(1/$Q26)^2+(1/$R26)^2+(1/$S26)^2+(1/$T26)^2)) -> 58.794698 | AI26: 1 | AJ26: =RANK(表格14[[#This Row],[有負重平均值]],表格14[有負重平均值]) -> 1 | AK26: =RANK(表格14[[#This Row],[全部平均值]],表格14[全部平均值]) -> 3 | AL26: =RANK(表格14[[#This Row],[有負重標準差平均]],表格14[有負重標準差平均],1) -> 4 | AM26: =RANK(表格14[[#This Row],[全部標準差平均]],表格14[全部標準差平均],1) -> 8 | AN26: =RANK(表格14[[#This Row],[全部負重SN ratio]],表格14[全部負重SN ratio]) -> 1 | AO26: =AVERAGE(表格14[[#This Row],[有負重平均排名]:[全部SN ratio 排名]]) -> 3.4 | AP26: =RANK(表格14[[#This Row],[綜合排名平均]],表格14[綜合排名平均],1) -> 1
A27: 26 | B27: 1:2 | C27: 單 | D27: 2個 | E27: 4輪 | F27: 大(45mm) | G27: 大(45mm) | H27: 單(3.5mm) | I27: 後驅 | J27: 無 | K27: 有 | L27: 910 | M27: 980 | N27: 1002 | O27: 745 | P27: 830 | Q27: 740 | R27: 680 | S27: 670 | T27: 720 | U27: =AVERAGE(L27,M27,N27) -> 964 | V27: =AVERAGE(O27,P27) -> 787.5 | W27: =AVERAGE(Q27,R27) -> 710 | X27: =AVERAGE(S27,T27) -> 695 | Y27: =AVERAGE(表格14[[#This Row],[負重50g(1)]:[負重150g(2)]]) -> 730.83333 | Z27: =AVERAGE(表格14[[#This Row],[負重0g(1)]:[負重150g(2)]]) -> 808.55556 | AA27: =_xlfn.STDEV.S(表格14[[#This Row],[負重0g(1)]],表格14[[#This Row],[負重0g(2)]],表格14[[#This Row],[負重0g(3)]]) -> 48.041649 | AB27: =_xlfn.STDEV.S(表格14[[#This Row],[負重50g(1)]],表格14[[#This Row],[負重50g(2)]]) -> 60.104076 | AC27: =_xlfn.STDEV.S(表格14[[#This Row],[負重100g(1)]],表格14[[#This Row],[負重100g(2)]]) -> 42.426407 | AD27: =_xlfn.STDEV.S(表格14[[#This Row],[負重150g(1)]],表格14[[#This Row],[負重150g(2)]]) -> 35.355339 | AE27: =AVERAGE(表格14[[#This Row],[標準差50g]:[標準差150g]]) -> 45.961941 | AF27: =AVERAGE(表格14[[#This Row],[標準差0g]:[標準差150g]]) -> 46.481868 | AG27: =-10*LOG10(1/3*((1/表格14[[#This Row],[負重0g(1)]])^2+(1/表格14[[#This Row],[負重0g(2)]])^2+(1/表格14[[#This Row],[負重0g(3)]])^2)) -> 59.659295 | AH27: =-10*LOG10(1/9*((1/$L27)^2+(1/$M27)^2+(1/$N27)^2+(1/$O27)^2+(1/P27)^2+(1/$Q27)^2+(1/$R27)^2+(1/$S27)^2+(1/$T27)^2)) -> 57.885947 | AI27: 0 | AJ27: =RANK(表格14[[#This Row],[有負重平均值]],表格14[有負重平均值]) -> 7 | AK27: =RANK(表格14[[#This Row],[全部平均值]],表格14[全部平均值]) -> 8 | AL27: =RANK(表格14[[#This Row],[有負重標準差平均]],表格14[有負重標準差平均],1) -> 26 | AM27: =RANK(表格14[[#This Row],[全部標準差平均]],表格14[全部標準差平均],1) -> 22 | AN27: =RANK(表格14[[#This Row],[全部負重SN ratio]],表格14[全部負重SN ratio]) -> 6 | AO27: =AVERAGE(表格14[[#This Row],[有負重平均排名]:[全部SN ratio 排名]]) -> 13.8 | AP27: =RANK(表格14[[#This Row],[綜合排名平均]],表格14[綜合排名平均],1) -> 14
A28: 27 | B28: 無齒輪 | C28: 無齒輪 | D28: 無齒輪 | E28: 4輪 | F28: 大(45mm) | G28: 大(45mm) | H28: 單(3.5mm) | I28: 前驅 | J28: 有 | K28: 有 | L28: 883 | M28: 877 | N28: 887 | O28: 820 | P28: 830 | Q28: 872 | R28: 818 | S28: 875 | T28: 816 | U28: =AVERAGE(L28,M28,N28) -> 882.33333 | V28: =AVERAGE(O28,P28) -> 825 | W28: =AVERAGE(Q28,R28) -> 845 | X28: =AVERAGE(S28,T28) -> 845.5 | Y28: =AVERAGE(表格14[[#This Row],[負重50g(1)]:[負重150g(2)]]) -> 838.5 | Z28: =AVERAGE(表格14[[#This Row],[負重0g(1)]:[負重150g(2)]]) -> 853.11111 | AA28: =_xlfn.STDEV.S(表格14[[#This Row],[負重0g(1)]],表格14[[#This Row],[負重0g(2)]],表格14[[#This Row],[負重0g(3)]]) -> 5.033223 | AB28: =_xlfn.STDEV.S(表格14[[#This Row],[負重50g(1)]],表格14[[#This Row],[負重50g(2)]]) -> 7.0710678 | AC28: =_xlfn.STDEV.S(表格14[[#This Row],[負重100g(1)]],表格14[[#This Row],[負重100g(2)]]) -> 38.183766 | AD28: =_xlfn.STDEV.S(表格14[[#This Row],[負重150g(1)]],表格14[[#This Row],[負重150g(2)]]) -> 41.7193 | AE28: =AVERAGE(表格14[[#This Row],[標準差50g]:[標準差150g]]) -> 28.991378 | AF28: =AVERAGE(表格14[[#This Row],[標準差0g]:[標準差150g]]) -> 23.001839 | AG28: =-10*LOG10(1/3*((1/表格14[[#This Row],[負重0g(1)]])^2+(1/表格14[[#This Row],[負重0g(2)]])^2+(1/表格14[[#This Row],[負重0g(3)]])^2)) -> 58.912371 | AH28: =AVERAGE(AB28:AF28) -> 27.79347 | AI28: 1 | AJ28: =RANK(表格14[[#This Row],[有負重平均值]],表格14[有負重平均值]) -> 2 | AK28: =RANK(表格14[[#This Row],[全部平均值]],表格14[全部平均值]) -> 5 | AL28: =RANK(表格14[[#This Row],[有負重標準差平均]],表格14[有負重標準差平均],1) -> 20 | AM28: =RANK(表格14[[#This Row],[全部標準差平均]],表格14[全部標準差平均],1) -> 11 | AN28: =RANK(表格14[[#This Row],[全部負重SN ratio]],表格14[全部負重SN ratio]) -> 28 | AO28: =AVERAGE(表格14[[#This Row],[有負重平均排名]:[全部SN ratio 排名]]) -> 13.2 | AP28: =RANK(表格14[[#This Row],[綜合排名平均]],表格14[綜合排名平均],1) -> 12
A29: 28 | B29: 1:2 | C29: 單 | D29: 2個 | E29: 4輪 | F29: 大(45mm) | G29: 大(45mm) | H29: 單(3.5mm) | I29: 後驅 | J29: 有 | K29: 有 | L29: 1000 | M29: 948 | N29: 980 | O29: 892 | P29: 920 | Q29: 572 | R29: 505 | S29: 440 | T29: 487 | U29: =AVERAGE(L29,M29,N29) -> 976 | V29: =AVERAGE(O29,P29) -> 906 | W29: =AVERAGE(Q29,R29) -> 538.5 | X29: =AVERAGE(S29,T29) -> 463.5 | Y29: =AVERAGE(表格14[[#This Row],[負重50g(1)]:[負重150g(2)]]) -> 636 | Z29: =AVERAGE(表格14[[#This Row],[負重0g(1)]:[負重150g(2)]]) -> 749.33333 | AA29: =_xlfn.STDEV.S(表格14[[#This Row],[負重0g(1)]],表格14[[#This Row],[負重0g(2)]],表格14[[#This Row],[負重0g(3)]]) -> 26.229754 | AB29: =_xlfn.STDEV.S(表格14[[#This Row],[負重50g(1)]],表格14[[#This Row],[負重50g(2)]]) -> 19.79899 | AC29: =_xlfn.STDEV.S(表格14[[#This Row],[負重100g(1)]],表格14[[#This Row],[負重100g(2)]]) -> 47.376154 | AD29: =_xlfn.STDEV.S(表格14[[#This Row],[負重150g(1)]],表格14[[#This Row],[負重150g(2)]]) -> 33.234019 | AE29: =AVERAGE(表格14[[#This Row],[標準差50g]:[標準差150g]]) -> 33.469721 | AF29: =AVERAGE(表格14[[#This Row],[標準差0g]:[標準差150g]]) -> 31.659729 | AG29: =-10*LOG10(1/3*((1/表格14[[#This Row],[負重0g(1)]])^2+(1/表格14[[#This Row],[負重0g(2)]])^2+(1/表格14[[#This Row],[負重0g(3)]])^2)) -> 59.78267 | AH29: =AVERAGE(AB29:AF29) -> 33.107723 | AI29: 0 | AJ29: =RANK(表格14[[#This Row],[有負重平均值]],表格14[有負重平均值]) -> 12 | AK29: =RANK(表格14[[#This Row],[全部平均值]],表格14[全部平均值]) -> 16 | AL29: =RANK(表格14[[#This Row],[有負重標準差平均]],表格14[有負重標準差平均],1) -> 23 | AM29: =RANK(表格14[[#This Row],[全部標準差平均]],表格14[全部標準差平均],1) -> 17 | AN29: =RANK(表格14[[#This Row],[全部負重SN ratio]],表格14[全部負重SN ratio]) -> 27 | AO29: =AVERAGE(表格14[[#This Row],[有負重平均排名]:[全部SN ratio 排名]]) -> 19 | AP29: =RANK(表格14[[#This Row],[綜合排名平均]],表格14[綜合排名平均],1) -> 20
A31: (善用隱藏功能收起部分欄位，及利用第一橫列的排序功能)

Sheet 第一階段測試結果
A1: 含齒輪 | B1: ='original data'!B40 -> 變因 | I1: ='original data'!Q40 -> 測試結果(車子跑動距離)(紅字表示彈簧繩未完全收起) | S1: 等實驗分析後再決定是否要測試這個...
A2: ='original data'!A41 -> 測試組合 | B2: ='original data'!B42 -> 傳動比 | C2: ='original data'!C42 -> 齒輪單雙側傳動給輪子 | D2: ='original data'!E42 -> 齒輪數量 | E2: ='original data'!I42 -> 輪子數 | F2: ='original data'!K42 -> 前輪直徑 | G2: ='original data'!M42 -> 後輪直徑 | H2: ='original data'!P42 -> 輪子厚度 | I2: ='original data'!Q42 -> 負重0g | K2: ='original data'!S42 -> 負重50g | M2: ='original data'!U42 -> 負重100g | O2: ='original data'!W42 -> 負重150g | S2: ='original data'!A74 -> 無齒輪 | T2: ='original data'!B74 -> 變動因子 | W2: ='original data'!E74 -> 測試結果
B3: ='original data'!B41 -> 1 | C3: ='original data'!C41 -> 2 | D3: ='original data'!E41 -> 4 | E3: ='original data'!I41 -> 8 | F3: ='original data'!K41 -> 10 | G3: ='original data'!M41 -> 12 | H3: ='original data'!P41 -> 15 | I3: ='original data'!Q41 -> Y1 | J3: ='original data'!R41 -> Y2 | K3: ='original data'!S41 -> Y3 | L3: ='original data'!T41 -> Y4 | M3: ='original data'!U41 -> Y5 | N3: ='original data'!V41 -> Y6 | O3: ='original data'!W41 -> Y7 | P3: ='original data'!X41 -> Y8 | S3: ='original data'!A75 -> 測試組合 | T3: ='original data'!B76 -> 動力驅動位置 | U3: ='original data'!C76 -> 驅動輪半徑大小 | V3: ='original data'!D76 -> 非驅動輪半徑 | W3: ='original data'!E76 -> 負重0g | Y3: ='original data'!H76 -> 負重50g | AA3: ='original data'!J76 -> 負重100g | AC3: ='original data'!L76 -> 負重150g
A4: ='original data'!A43 -> 1 | B4: ='original data'!B43 -> 1:1 | C4: ='original data'!C43 -> 雙 | D4: ='original data'!E43 -> 3個(前驅) | E4: ='original data'!I43 -> 4輪 | F4: ='original data'!K43 -> 大(45mm) | G4: ='original data'!M43 -> 大(45mm) | H4: ='original data'!P43 -> 單(3.5mm) | I4: ='original data'!Q43 -> 732 | J4: ='original data'!R43 -> 716 | K4: ='original data'!S43 -> 557 | L4: ='original data'!T43 -> 596 | M4: ='original data'!U43 -> 562.2 | N4: ='original data'!V43 -> 500 | O4: ='original data'!W43 -> 526.5 | P4: ='original data'!X43 -> 490 | T4: ='original data'!B75 -> 1 | U4: ='original data'!C75 -> 2 | V4: ='original data'!D75 -> 3 | W4: ='original data'!E75 -> Y1 | X4: ='original data'!F75 -> Y2 | Y4: ='original data'!G75 -> Y3 | Z4: ='original data'!H75 -> Y4 | AA4: ='original data'!I75 -> Y5 | ... AD4: ='original data'!L75 -> Y8
A5: ='original data'!A44 -> 2 | B5: ='original data'!B44 -> 1:1 | C5: ='original data'!C44 -> 雙 | D5: ='original data'!E44 -> 3個(前驅) | E5: ='original data'!I44 -> 3輪 | F5: ='original data'!K44 -> 小(35mm) | G5: ='original data'!M44 -> 小(35mm) | H5: ='original data'!P44 -> 雙(7mm) | I5: ='original data'!Q44 -> 499 | J5: ='original data'!R44 -> 536.5 | K5: ='original data'!S44 -> 540 | L5: ='original data'!T44 -> 499 | M5: ='original data'!U44 -> 481.5 | N5: ='original data'!V44 -> 489 | O5: ='original data'!W44 -> 343 | P5: ='original data'!X44 -> 417 | S5: ='original data'!A77 -> 1 | T5: ='original data'!B77 -> 後輪 | U5: ='original data'!C77 -> 大 | V5: ='original data'!D77 -> 大 | W5: ='original data'!E77 -> 1048 | X5: ='original data'!F77 -> 1072 | Y5: ='original data'!G77 -> 1018 | Z5: ='original data'!H77 -> 808 | ... AD5: ='original data'!L77 -> 660
A6: ='original data'!A45 -> 3 | B6: ='original data'!B45 -> 1:1 | C6: ='original data'!C45 -> 雙 | D6: ='original data'!E45 -> 2個(後驅) | E6: ='original data'!I45 -> 4輪 | F6: ='original data'!K45 -> 大(45mm) | G6: ='original data'!M45 -> 小(35mm) | H6: ='original data'!P45 -> 雙(7mm) | I6: ='original data'!Q45 -> 562 | J6: ='original data'!R45 -> 563.5 | K6: ='original data'!S45 -> 458 | L6: ='original data'!T45 -> 458.5 | M6: ='original data'!U45 -> 531 | N6: ='original data'!V45 -> 484 | O6: ='original data'!W45 -> 495 | P6: ='original data'!X45 -> 430 | S6: ='original data'!A78 -> 2 | T6: ='original data'!B78 -> 後輪 | U6: ='original data'!C78 -> 小 | V6: ='original data'!D78 -> 小 | W6: ='original data'!E78 -> 828 | X6: ='original data'!F78 -> 854 | Y6: ='original data'!G78 -> 840 | Z6: ='original data'!H78 -> 673 | ... AD6: ='original data'!L78 -> 606
A7: ='original data'!A46 -> 4 | B7: ='original data'!B46 -> 1:1 | C7: ='original data'!C46 -> 雙 | D7: ='original data'!E46 -> 2個(後驅) | E7: ='original data'!I46 -> 3輪 | F7: ='original data'!K46 -> 小(35mm) | G7: ='original data'!M46 -> 大(45mm) | H7: ='original data'!P46 -> 單(3.5mm) | I7: ='original data'!Q46 -> 756 | J7: ='original data'!R46 -> 668 | K7: ='original data'!S46 -> 565 | L7: ='original data'!T46 -> 572 | M7: ='original data'!U46 -> 508 | N7: ='original data'!V46 -> 503.5 | O7: ='original data'!W46 -> 489 | P7: ='original data'!X46 -> 387 | S7: ='original data'!A79 -> 3 | T7: ='original data'!B79 -> 前輪 | U7: ='original data'!C79 -> 大 | V7: ='original data'!D79 -> 小 | W7: ='original data'!E79 -> 1188.5 | X7: ='original data'!F79 -> 1140 | Y7: ='original data'!G79 -> 1012 | Z7: ='original data'!H79 -> 783 | ... AD7: ='original data'!L79 -> 601
A8: ='original data'!A47 -> 5 | B8: ='original data'!B47 -> 1:1 | C8: ='original data'!C47 -> 單 | D8: ='original data'!E47 -> 3個(前驅) | E8: ='original data'!I47 -> 4輪 | F8: ='original data'!K47 -> 小(35mm) | G8: ='original data'!M47 -> 大(45mm) | H8: ='original data'!P47 -> 雙(7mm) | I8: ='original data'!Q47 -> 627 | J8: ='original data'!R47 -> 586 | K8: ='original data'!S47 -> 487 | L8: ='original data'!T47 -> 531 | M8: ='original data'!U47 -> 463 | N8: ='original data'!V47 -> 431 | O8: ='original data'!W47 -> 382 | P8: ='original data'!X47 -> 391 | S8: ='original data'!A80 -> 4 | T8: ='original data'!B80 -> 前輪 | U8: ='original data'!C80 -> 小 | V8: ='original data'!D80 -> 大 | W8: ='original data'!E80 -> 1033 | X8: ='original data'!F80 -> 991.5 | Y8: ='original data'!G80 -> 989.5 | Z8: ='original data'!H80 -> 720 | ... AD8: ='original data'!L80 -> 609
A9: ='original data'!A48 -> 6 | B9: ='original data'!B48 -> 1:1 | C9: ='original data'!C48 -> 單 | D9: ='original data'!E48 -> 3個(前驅) | E9: ='original data'!I48 -> 3輪 | F9: ='original data'!K48 -> 大(45mm) | G9: ='original data'!M48 -> 小(35mm) | H9: ='original data'!P48 -> 單(3.5mm) | I9: ='original data'!Q48 -> 756 | J9: ='original data'!T47 -> 531 | K9: ='original data'!S48 -> 625 | L9: ='original data'!T48 -> 723 | M9: ='original data'!U48 -> 570.5 | N9: ='original data'!V48 -> 583 | O9: ='original data'!W48 -> 505 | P9: ='original data'!X48 -> 503
A10: ='original data'!A49 -> 7 | B10: ='original data'!B49 -> 1:1 | C10: ='original data'!C49 -> 單 | D10: ='original data'!E49 -> 2個(後驅) | E10: ='original data'!I49 -> 4輪 | F10: ='original data'!K49 -> 小(35mm) | G10: ='original data'!M49 -> 小(35mm) | H10: ='original data'!P49 -> 單(3.5mm) | I10: ='original data'!Q49 -> 591 | J10: ='original data'!R49 -> 599.5 | K10: ='original data'!S49 -> 529 | L10: ='original data'!T49 -> 495 | M10: ='original data'!U49 -> 523 | N10: ='original data'!V49 -> 501 | O10: ='original data'!W49 -> 456.5 | P10: ='original data'!X49 -> 491
A11: ='original data'!A50 -> 8 | B11: ='original data'!B50 -> 1:1 | C11: ='original data'!C50 -> 單 | D11: ='original data'!E50 -> 2個(後驅) | E11: ='original data'!I50 -> 3輪 | F11: ='original data'!K50 -> 大(45mm) | G11: ='original data'!M50 -> 大(45mm) | H11: ='original data'!P50 -> 雙(7mm) | I11: ='original data'!Q50 -> 762 | J11: ='original data'!R50 -> 772 | K11: ='original data'!S50 -> 634 | L11: ='original data'!T50 -> 632 | M11: ='original data'!U50 -> 577 | N11: ='original data'!V50 -> 577.5 | O11: ='original data'!W50 -> 511.5 | P11: ='original data'!X50 -> 552.5
A12: ='original data'!A51 -> 9 | B12: ='original data'!B51 -> 1:2 | C12: ='original data'!C51 -> 雙 | D12: ='original data'!E51 -> 3個(前驅) | E12: ='original data'!I51 -> 4輪 | F12: ='original data'!K51 -> 大(45mm) | G12: ='original data'!M51 -> 大(45mm) | H12: ='original data'!P51 -> 雙(7mm) | I12: ='original data'!Q51 -> 773 | J12: ='original data'!R51 -> 834 | K12: ='original data'!S51 -> 675 | L12: ='original data'!T51 -> 641 | M12: ='original data'!U51 -> 611 | N12: ='original data'!V51 -> 520 | O12: ='original data'!W51 -> 514 | P12: ='original data'!X51 -> 486
A13: ='original data'!A52 -> 10 | B13: ='original data'!B52 -> 1:2 | C13: ='original data'!C52 -> 雙 | D13: ='original data'!E52 -> 3個(前驅) | E13: ='original data'!I52 -> 3輪 | F13: ='original data'!K52 -> 小(35mm) | G13: ='original data'!M52 -> 小(35mm) | H13: ='original data'!P52 -> 單(3.5mm) | I13: ='original data'!Q52 -> 1088 | J13: ='original data'!R52 -> 983 | K13: ='original data'!S52 -> 967 | L13: ='original data'!T52 -> 943.5 | M13: ='original data'!U52 -> 578 | N13: ='original data'!V52 -> 572 | O13: ='original data'!W52 -> 328 | P13: ='original data'!X52 -> 348.5
A14: ='original data'!A53 -> 11 | B14: ='original data'!B53 -> 1:2 | C14: ='original data'!C53 -> 雙 | D14: ='original data'!E53 -> 2個(後驅) | E14: ='original data'!I53 -> 4輪 | F14: ='original data'!K53 -> 大(45mm) | G14: ='original data'!M53 -> 小(35mm) | H14: ='original data'!P53 -> 單(3.5mm) | I14: ='original data'!Q53 -> 1006 | J14: ='original data'!R53 -> 1124 | K14: ='original data'!S53 -> 1005 | L14: ='original data'!T53 -> 991 | M14: ='original data'!U53 -> 810 | N14: ='original data'!V53 -> 623 | O14: ='original data'!W53 -> 596.5 | P14: ='original data'!X53 -> 618
A15: ='original data'!A54 -> 12 | B15: ='original data'!B54 -> 1:2 | C15: ='original data'!C54 -> 雙 | D15: ='original data'!E54 -> 2個(後驅) | E15: ='original data'!I54 -> 3輪 | F15: ='original data'!K54 -> 小(35mm) | G15: ='original data'!M54 -> 大(45mm) | H15: ='original data'!P54 -> 雙(7mm) | I15: ='original data'!Q54 -> 1337 | J15: ='original data'!R54 -> 1295 | K15: ='original data'!S54 -> 497 | L15: ='original data'!T54 -> 528 | M15: ='original data'!U54 -> 475 | N15: ='original data'!V54 -> 467 | O15: ='original data'!W54 -> 454 | P15: ='original data'!X54 -> 469
A16: ='original data'!A55 -> 13 | B16: ='original data'!B55 -> 1:2 | C16: ='original data'!C55 -> 單 | D16: ='original data'!E55 -> 3個(前驅) | E16: ='original data'!I55 -> 4輪 | F16: ='original data'!K55 -> 小(35mm) | G16: ='original data'!M55 -> 大(45mm) | H16: ='original data'!P55 -> 單(3.5mm) | I16: ='original data'!Q55 -> 763 | J16: ='original data'!R55 -> 817 | K16: ='original data'!S55 -> 594.5 | L16: ='original data'!T55 -> 622 | M16: ='original data'!U55 -> 549 | N16: ='original data'!V55 -> 553 | O16: ='original data'!W55 -> 480 | P16: ='original data'!X55 -> 520
A17: ='original data'!A56 -> 14 | B17: ='original data'!B56 -> 1:2 | C17: ='original data'!C56 -> 單 | D17: ='original data'!E56 -> 3個(前驅) | E17: ='original data'!I56 -> 3輪 | F17: ='original data'!K56 -> 大(45mm) | G17: ='original data'!M56 -> 小(35mm) | H17: ='original data'!P56 -> 雙(7mm) | I17: ='original data'!Q56 -> 825 | J17: ='original data'!R56 -> 908 | K17: ='original data'!S56 -> 1088 | L17: ='original data'!T56 -> 1086 | M17: ='original data'!U56 -> 614 | N17: ='original data'!V56 -> 369 | O17: ='original data'!W56 -> 325 | P17: ='original data'!X56 -> 340
A18: ='original data'!A57 -> 15 | B18: ='original data'!B57 -> 1:2 | C18: ='original data'!C57 -> 單 | D18: ='original data'!E57 -> 2個(後驅) | E18: ='original data'!I57 -> 4輪 | F18: ='original data'!K57 -> 小(35mm) | G18: ='original data'!M57 -> 小(35mm) | H18: ='original data'!P57 -> 雙(7mm) | I18: ='original data'!Q57 -> 945 | J18: ='original data'!R57 -> 1046 | K18: ='original data'!S57 -> 975 | L18: ='original data'!T57 -> 1004 | M18: ='original data'!U57 -> 635 | N18: ='original data'!V57 -> 603.5 | O18: ='original data'!W57 -> 491 | P18: ='original data'!X57 -> 560
A19: ='original data'!A58 -> 16 | B19: ='original data'!B58 -> 1:2 | C19: ='original data'!C58 -> 單 | D19: ='original data'!E58 -> 2個(後驅) | E19: ='original data'!I58 -> 3輪 | F19: ='original data'!K58 -> 大(45mm) | G19: ='original data'!M58 -> 大(45mm) | H19: ='original data'!P58 -> 單(3.5mm) | I19: ='original data'!Q58 -> 1328 | J19: ='original data'!R58 -> 1207 | K19: ='original data'!S58 -> 745 | L19: ='original data'!T58 -> 746 | M19: ='original data'!U58 -> 554 | N19: ='original data'!V58 -> 562 | O19: ='original data'!W58 -> 505 | P19: ='original data'!X58 -> 396
A20: ='original data'!A59 -> 最佳組合 | B20: ='original data'!B59 -> 1:2 | C20: ='original data'!C59 -> 單 | D20: ='original data'!E59 -> 2個(後驅) | E20: ='original data'!I59 -> 4輪 | F20: ='original data'!K59 -> 大(45mm) | G20: ='original data'!M59 -> 大(45mm) | H20: ='original data'!P59 -> 單(3.5mm) | I20: ='original data'!Q59 -> 1127 | J20: ='original data'!R59 -> 1298 | K20: ='original data'!S59 -> 809 | L20: ='original data'!T59 -> 744 | M20: ='original data'!U59 -> 628 | N20: ='original data'!V59 -> 549 | O20: ='original data'!W59 -> 514 | P20: ='original data'!X59 -> 475
A23: 表一有齒輪L16數據
A24: 含齒輪 | B24: 變動因子 | I24: 車子移動距離測試結果(cm)(紅字表示彈簧繩未完全收起) | R24: 平均值(高於平均以橘色標示) | W24: 標準差(低於平均以橘色標示) | AB24: S/N ration(高於平均以橘色表示) | AD24: 完成度(紅色為成功率低) | AE24: 排行(黃色格表示排行前三名) | AK24: 偏移格數
A25: 測試組合 | B25: 傳動比(兩個齒輪尺數差) | C25: 齒輪單雙側傳動給輪子 | D25: 齒輪數量 | E25: 輪子數 | F25: 驅動輪直徑 | G25: 非驅動輪直徑 | H25: 輪子厚度 | I25: 負重0g | L25: 負重50g | N25: 負重100g | P25: 負重150g | R25: 負重0g | S25: 負重50g | T25: 負重100g | U25: 負重150g | V25: 全部平均值 | W25: 負重0g | X25: 負重50g | Y25: 負重100g | Z25: 負重150g | AA25: 全部標準差平均 | AB25: 負重0g | AC25: 全部負重 | AD25: (線有完全收完的比例) | AE25: 負重0g平均值 | AF25: 全部平均值 | AG25: 負重0g標準差 | AH25: 全部標準差平均 | AI25: 完成度 | AJ25: S/N ration
B26: 1 | C26: 2 | D26: 4 | E26: 8 | F26: 10 | G26: 12 | H26: 15 | I26: Y1 | J26: Y2 | K26: Y3 | L26: Y4 | M26: Y5 | N26: Y6 | O26: Y7 | P26: Y8 | Q26: Y9
A27: 1 | B27: 1:1 | C27: 雙 | D27: 3個 | E27: 4輪 | F27: 大(45mm) | G27: 大(45mm) | H27: 單(3.5mm) | I27: 732 | J27: 716 | K27: 632 | L27: 557 | M27: 596 | N27: 562.2 | O27: 500 | P27: 526.5 | Q27: 490 | R27: =AVERAGE(I27,J27,K27) -> 693.33333 | S27: =AVERAGE(L27,M27) -> 576.5 | T27: =AVERAGE(N27,O27) -> 531.1 | U27: =AVERAGE(P27,Q27) -> 508.25 | V27: =AVERAGE(I27:Q27) -> 590.18889 | W27: =_xlfn.STDEV.S(I27,J27,K27) -> 53.715299 | X27: =_xlfn.STDEV.S(L27,M27) -> 27.577164 | Y27: =_xlfn.STDEV.S(N27,O27) -> 43.982042 | Z27: =_xlfn.STDEV.S(P27,Q27) -> 25.809398 | AA27: =AVERAGE(W27:Z27) -> 37.770976 | AB27: =-10*LOG10(1/3*((1/$I27)^2+(1/$J27)^2+(1/$K27)^2)) -> 56.763688 | AC27: =-10*LOG10(1/9*((1/$I27)^2+(1/$J27)^2+(1/$K27)^2+(1/$L27)^2+(1/$M27)^2+(1/$N27)^2+(1/$O27)^2+(1/$P27)^2+(1/$Q27)^2)) -> 55.181563 | AD27: 0.33333333 | AE27: =RANK(R27,R$27:R$43) -> 12 | AF27: =RANK(V27,V$27:V$43) -> 12 | AG27: =RANK(W27,W$27:W$43) -> 8 | AH27: =RANK(AA27,AA$27:AA$43,1) -> 10 | AI27: =RANK(AD27,AD$27:AD$43) -> 9 | AJ27: =RANK(AC27,AC$27:AC$43) -> 9 | AM27: 10 | AN27: 10 | AO27: 15 | AP27: 5 | AQ27: 2 | AR27: 2 | AS27: 2 | AT27: 2 | AU27: 2
A28: 2 | B28: 1:1 | C28: 雙 | D28: 3個 | E28: 3輪 | F28: 小(35mm) | G28: 小(35mm) | H28: 雙(7mm) | I28: 499 | J28: 536.5 | K28: 506.5 | L28: 540 | M28: 499 | N28: 481.5 | O28: 489 | P28: 343 | Q28: 417 | R28: =AVERAGE(I28,J28,K28) -> 514 | S28: =AVERAGE(L28,M28) -> 519.5 | T28: =AVERAGE(N28,O28) -> 485.25 | U28: =AVERAGE(P28,Q28) -> 380 | V28: =AVERAGE(I28:Q28) -> 479.05556 | W28: =_xlfn.STDEV.S(I28,J28,K28) -> 19.843135 | X28: =_xlfn.STDEV.S(L28,M28) -> 28.991378 | Y28: =_xlfn.STDEV.S(N28,O28) -> 5.3033009 | Z28: =_xlfn.STDEV.S(P28,Q28) -> 52.325902 | AA28: =AVERAGE(W28:Z28) -> 26.615929 | AB28: =-10*LOG10(1/3*((1/$I28)^2+(1/$J28)^2+(1/$K28)^2)) -> 54.206628 | AC28: =-10*LOG10(1/9*((1/$I28)^2+(1/$J28)^2+(1/$K28)^2+(1/$L28)^2+(1/$M28)^2+(1/$N28)^2+(1/$O28)^2+(1/$P28)^2+(1/$Q28)^2)) -> 53.353621 | AD28: 0.33333333 | AE28: =RANK(R28,R$27:R$43) -> 17 | AF28: =RANK(V28,V$27:V$43) -> 17 | AG28: =RANK(W28,W$27:W$43) -> 15 | AH28: =RANK(AA28,AA$27:AA$43,1) -> 6 | AI28: =RANK(AD28,AD$27:AD$43) -> 9 | AJ28: =RANK(AC28,AC$27:AC$43) -> 17 | AM28: 10 | AN28: 2 | AO28: 10 | AP28: 2 | AQ28: 5 | AR28: 5 | AS28: 5 | AT28: 2 | AU28: 2
A29: 3 | B29: 1:1 | C29: 雙 | D29: 2個 | E29: 4輪 | F29: 小(35mm) | G29: 大(45mm) | H29: 雙(7mm) | I29: 562 | J29: 563.5 | K29: 502 | L29: 458 | M29: 458.5 | N29: 531 | O29: 484 | P29: 495 | Q29: 430 | R29: =AVERAGE(I29,J29,K29) -> 542.5 | S29: =AVERAGE(L29,M29) -> 458.25 | T29: =AVERAGE(N29,O29) -> 507.5 | U29: =AVERAGE(P29,Q29) -> 462.5 | V29: =AVERAGE(I29:Q29) -> 498.22222 | W29: =_xlfn.STDEV.S(I29,J29,K29) -> 35.082047 | X29: =_xlfn.STDEV.S(L29,M29) -> 0.35355339 | Y29: =_xlfn.STDEV.S(N29,O29) -> 33.234019 | Z29: =_xlfn.STDEV.S(P29,Q29) -> 45.961941 | AA29: =AVERAGE(W29:Z29) -> 28.65789 | AB29: =-10*LOG10(1/3*((1/$I29)^2+(1/$J29)^2+(1/$K29)^2)) -> 54.649762 | AC29: =-10*LOG10(1/9*((1/$I29)^2+(1/$J29)^2+(1/$K29)^2+(1/$L29)^2+(1/$M29)^2+(1/$N29)^2+(1/$O29)^2+(1/$P29)^2+(1/$Q29)^2)) -> 53.8472 | AD29: 0.88888889 | AE29: =RANK(R29,R$27:R$43) -> 16 | AF29: =RANK(V29,V$27:V$43) -> 16 | AG29: =RANK(W29,W$27:W$43) -> 12 | AH29: =RANK(AA29,AA$27:AA$43,1) -> 7 | AI29: =RANK(AD29,AD$27:AD$43) -> 1 | AJ29: =RANK(AC29,AC$27:AC$43) -> 15 | AM29: 10 | AN29: 10 | AO29: 5 | AP29: 5 | AQ29: 5 | AR29: 5 | AS29: 2 | AT29: 2 | AU29: 2
A30: 4 | B30: 1:1 | C30: 雙 | D30: 2個 | E30: 3輪 | F30: 大(45mm) | G30: 小(35mm) | H30: 單(3.5mm) | I30: 756 | J30: 668 | K30: 702.5 | L30: 565 | M30: 572 | N30: 508 | O30: 503.5 | P30: 489 | Q30: 387 | R30: =AVERAGE(I30,J30,K30) -> 708.83333 | S30: =AVERAGE(L30,M30) -> 568.5 | T30: =AVERAGE(N30,O30) -> 505.75 | U30: =AVERAGE(P30,Q30) -> 438 | V30: =AVERAGE(I30:Q30) -> 572.33333 | W30: =_xlfn.STDEV.S(I30,J30,K30) -> 44.340538 | X30: =_xlfn.STDEV.S(L30,M30) -> 4.9497475 | Y30: =_xlfn.STDEV.S(N30,O30) -> 3.1819805 | Z30: =_xlfn.STDEV.S(P30,Q30) -> 72.124892 | AA30: =AVERAGE(W30:Z30) -> 31.149289 | AB30: =-10*LOG10(1/3*((1/$I30)^2+(1/$J30)^2+(1/$K30)^2)) -> 56.977402 | AC30: =-10*LOG10(1/9*((1/$I30)^2+(1/$J30)^2+(1/$K30)^2+(1/$L30)^2+(1/$M30)^2+(1/$N30)^2+(1/$O30)^2+(1/$P30)^2+(1/$Q30)^2)) -> 54.645018 | AD30: 0.33333333 | AE30: =RANK(R30,R$27:R$43) -> 11 | AF30: =RANK(V30,V$27:V$43) -> 13 | AG30: =RANK(W30,W$27:W$43) -> 10 | AH30: =RANK(AA30,AA$27:AA$43,1) -> 8 | AI30: =RANK(AD30,AD$27:AD$43) -> 9 | AJ30: =RANK(AC30,AC$27:AC$43) -> 12 | AM30: 15 | AN30: 10 | AO30: 15 | AP30: 5 | AQ30: 10 | AR30: 5 | AS30: 2 | AT30: 2 | AU30: 2
A31: 5 | B31: 1:1 | C31: 單 | D31: 3個 | E31: 4輪 | F31: 小(35mm) | G31: 大(45mm) | H31: 雙(7mm) | I31: 627 | J31: 586 | K31: 600 | L31: 487 | M31: 531 | N31: 463 | O31: 431 | P31: 382 | Q31: 391 | R31: =AVERAGE(I31,J31,K31) -> 604.33333 | S31: =AVERAGE(L31,M31) -> 509 | T31: =AVERAGE(N31,O31) -> 447 | U31: =AVERAGE(P31,Q31) -> 386.5 | V31: =AVERAGE(I31:Q31) -> 499.77778 | W31: =_xlfn.STDEV.S(I31,J31,K31) -> 20.840665 | X31: =_xlfn.STDEV.S(L31,M31) -> 31.112698 | Y31: =_xlfn.STDEV.S(N31,O31) -> 22.627417 | Z31: =_xlfn.STDEV.S(P31,Q31) -> 6.363961 | AA31: =AVERAGE(W31:Z31) -> 20.236185 | AB31: =-10*LOG10(1/3*((1/$I31)^2+(1/$J31)^2+(1/$K31)^2)) -> 55.615335 | AC31: =-10*LOG10(1/9*((1/$I31)^2+(1/$J31)^2+(1/$K31)^2+(1/$L31)^2+(1/$M31)^2+(1/$N31)^2+(1/$O31)^2+(1/$P31)^2+(1/$Q31)^2)) -> 53.583212 | AD31: 0.66666667 | AE31: =RANK(R31,R$27:R$43) -> 14 | AF31: =RANK(V31,V$27:V$43) -> 15 | AG31: =RANK(W31,W$27:W$43) -> 14 | AH31: =RANK(AA31,AA$27:AA$43,1) -> 4 | AI31: =RANK(AD31,AD$27:AD$43) -> 2 | AJ31: =RANK(AC31,AC$27:AC$43) -> 16 | AM31: 40 | AN31: 20 | AO31: 30 | AP31: 20 | AQ31: 10 | AR31: 10 | AS31: 5 | AT31: 5 | AU31: 2
A32: 6 | B32: 1:1 | C32: 單 | D32: 3個 | E32: 3輪 | F32: 大(45mm) | G32: 小(35mm) | H32: 單(3.5mm) | I32: 756 | J32: 531 | K32: 720 | L32: 625 | M32: 723 | N32: 570.5 | O32: 583 | P32: 505 | Q32: 503 | R32: =AVERAGE(I32,J32,K32) -> 669 | S32: =AVERAGE(L32,M32) -> 674 | T32: =AVERAGE(N32,O32) -> 576.75 | U32: =AVERAGE(P32,Q32) -> 504 | V32: =AVERAGE(I32:Q32) -> 612.94444 | W32: =_xlfn.STDEV.S(I32,J32,K32) -> 120.85942 | X32: =_xlfn.STDEV.S(L32,M32) -> 69.296465 | Y32: =_xlfn.STDEV.S(N32,O32) -> 8.8388348 | Z32: =_xlfn.STDEV.S(P32,Q32) -> 1.4142136 | AA32: =AVERAGE(W32:Z32) -> 50.102234 | AB32: =-10*LOG10(1/3*((1/$I32)^2+(1/$J32)^2+(1/$K32)^2)) -> 56.18267 | AC32: =-10*LOG10(1/9*((1/$I32)^2+(1/$J32)^2+(1/$K32)^2+(1/$L32)^2+(1/$M32)^2+(1/$N32)^2+(1/$O32)^2+(1/$P32)^2+(1/$Q32)^2)) -> 55.46231 | AD32: 0.66666667 | AE32: =RANK(R32,R$27:R$43) -> 13 | AF32: =RANK(V32,V$27:V$43) -> 11 | AG32: =RANK(W32,W$27:W$43) -> 5 | AH32: =RANK(AA32,AA$27:AA$43,1) -> 12 | AI32: =RANK(AD32,AD$27:AD$43) -> 2 | AJ32: =RANK(AC32,AC$27:AC$43) -> 8 | AK32: 空車超過兩格歪斜 | AM32: 80 | AN32: 70 | AO32: 70 | AP32: 20 | AQ32: 40 | AR32: 10 | AS32: 10 | AT32: 5 | AU32: 2
A33: 7 | B33: 1:1 | C33: 單 | D33: 2個 | E33: 4輪 | F33: 小(35mm) | G33: 小(35mm) | H33: 單(3.5mm) | I33: 591 | J33: 599.5 | K33: 583 | L33: 529 | M33: 495 | N33: 523 | O33: 501 | P33: 456.5 | Q33: 491 | R33: =AVERAGE(I33,J33,K33) -> 591.16667 | S33: =AVERAGE(L33,M33) -> 512 | T33: =AVERAGE(N33,O33) -> 512 | U33: =AVERAGE(P33,Q33) -> 473.75 | V33: =AVERAGE(I33:Q33) -> 529.88889 | W33: =_xlfn.STDEV.S(I33,J33,K33) -> 8.2512625 | X33: =_xlfn.STDEV.S(L33,M33) -> 24.041631 | Y33: =_xlfn.STDEV.S(N33,O33) -> 15.556349 | Z33: =_xlfn.STDEV.S(P33,Q33) -> 24.395184 | AA33: =AVERAGE(W33:Z33) -> 18.061107 | AB33: =-10*LOG10(1/3*((1/$I33)^2+(1/$J33)^2+(1/$K33)^2)) -> 55.432507 | AC33: =-10*LOG10(1/9*((1/$I33)^2+(1/$J33)^2+(1/$K33)^2+(1/$L33)^2+(1/$M33)^2+(1/$N33)^2+(1/$O33)^2+(1/$P33)^2+(1/$Q33)^2)) -> 54.379869 | AD33: 0.66666667 | AE33: =RANK(R33,R$27:R$43) -> 15 | AF33: =RANK(V33,V$27:V$43) -> 14 | AG33: =RANK(W33,W$27:W$43) -> 17 | AH33: =RANK(AA33,AA$27:AA$43,1) -> 2 | AI33: =RANK(AD33,AD$27:AD$43) -> 2 | AJ33: =RANK(AC33,AC$27:AC$43) -> 13 | AM33: 40 | AN33: 30 | AO33: 60 | AP33: 20 | AQ33: 20 | AR33: 20 | AS33: 10 | AT33: 10 | AU33: 5
A34: 8 | B34: 1:1 | C34: 單 | D34: 2個 | E34: 3輪 | F34: 大(45mm) | G34: 大(45mm) | H34: 雙(7mm) | I34: 762 | J34: 772 | K34: 743 | L34: 634 | M34: 632 | N34: 577 | O34: 577.5 | P34: 511.5 | Q34: 552.5 | R34: =AVERAGE(I34,J34,K34) -> 759 | S34: =AVERAGE(L34,M34) -> 633 | T34: =AVERAGE(N34,O34) -> 577.25 | U34: =AVERAGE(P34,Q34) -> 532 | V34: =AVERAGE(I34:Q34) -> 640.16667 | W34: =_xlfn.STDEV.S(I34,J34,K34) -> 14.73092 | X34: =_xlfn.STDEV.S(L34,M34) -> 1.4142136 | Y34: =_xlfn.STDEV.S(N34,O34) -> 0.35355339 | Z34: =_xlfn.STDEV.S(P34,Q34) -> 28.991378 | AA34: =AVERAGE(W34:Z34) -> 11.372516 | AB34: =-10*LOG10(1/3*((1/$I34)^2+(1/$J34)^2+(1/$K34)^2)) -> 57.601538 | AC34: =-10*LOG10(1/9*((1/$I34)^2+(1/$J34)^2+(1/$K34)^2+(1/$L34)^2+(1/$M34)^2+(1/$N34)^2+(1/$O34)^2+(1/$P34)^2+(1/$Q34)^2)) -> 55.868273 | AD34: 0.55555556 | AE34: =RANK(R34,R$27:R$43) -> 10 | AF34: =RANK(V34,V$27:V$43) -> 9 | AG34: =RANK(W34,W$27:W$43) -> 16 | AH34: =RANK(AA34,AA$27:AA$43,1) -> 1 | AI34: =RANK(AD34,AD$27:AD$43) -> 5 | AJ34: =RANK(AC34,AC$27:AC$43) -> 5 | AM34: 40 | AN34: 30 | AO34: 40 | AP34: 12 | AQ34: 10 | AR34: 5 | AS34: 5 | AT34: 2 | AU34: 2
A35: 9 | B35: 1:2 | C35: 雙 | D35: 3個 | E35: 4輪 | F35: 大(45mm) | G35: 大(45mm) | H35: 雙(7mm) | I35: 773 | J35: 834 | K35: 858 | L35: 675 | M35: 641 | N35: 611 | O35: 520 | P35: 514 | Q35: 486 | R35: =AVERAGE(I35,J35,K35) -> 821.66667 | S35: =AVERAGE(L35,M35) -> 658 | T35: =AVERAGE(N35,O35) -> 565.5 | U35: =AVERAGE(P35,Q35) -> 500 | V35: =AVERAGE(I35:Q35) -> 656.88889 | W35: =_xlfn.STDEV.S(I35,J35,K35) -> 43.821608 | X35: =_xlfn.STDEV.S(L35,M35) -> 24.041631 | Y35: =_xlfn.STDEV.S(N35,O35) -> 64.346717 | Z35: =_xlfn.STDEV.S(P35,Q35) -> 19.79899 | AA35: =AVERAGE(W35:Z35) -> 38.002236 | AB35: =-10*LOG10(1/3*((1/$I35)^2+(1/$J35)^2+(1/$K35)^2)) -> 58.268477 | AC35: =-10*LOG10(1/9*((1/$I35)^2+(1/$J35)^2+(1/$K35)^2+(1/$L35)^2+(1/$M35)^2+(1/$N35)^2+(1/$O35)^2+(1/$P35)^2+(1/$Q35)^2)) -> 55.832863 | AD35: 0 | AE35: =RANK(R35,R$27:R$43) -> 8 | AF35: =RANK(V35,V$27:V$43) -> 8 | AG35: =RANK(W35,W$27:W$43) -> 11 | AH35: =RANK(AA35,AA$27:AA$43,1) -> 11 | AI35: =RANK(AD35,AD$27:AD$43) -> 16 | AJ35: =RANK(AC35,AC$27:AC$43) -> 6 | AM35: 20 | AN35: 20 | AO35: 20 | AP35: 10 | AQ35: 2 | AR35: 2 | AS35: 2 | AT35: 2 | AU35: 2
A36: 10 | B36: 1:2 | C36: 雙 | D36: 3個 | E36: 3輪 | F36: 小(35mm) | G36: 小(35mm) | H36: 單(3.5mm) | I36: 1088 | J36: 983 | K36: 1010 | L36: 967 | M36: 943.5 | N36: 578 | O36: 572 | P36: 328 | Q36: 348.5 | R36: =AVERAGE(I36,J36,K36) -> 1027 | S36: =AVERAGE(L36,M36) -> 955.25 | T36: =AVERAGE(N36,O36) -> 575 | U36: =AVERAGE(P36,Q36) -> 338.25 | V36: =AVERAGE(I36:Q36) -> 757.55556 | W36: =_xlfn.STDEV.S(I36,J36,K36) -> 54.525224 | X36: =_xlfn.STDEV.S(L36,M36) -> 16.617009 | Y36: =_xlfn.STDEV.S(N36,O36) -> 4.2426407 | Z36: =_xlfn.STDEV.S(P36,Q36) -> 14.495689 | AA36: =AVERAGE(W36:Z36) -> 22.470141 | AB36: =-10*LOG10(1/3*((1/$I36)^2+(1/$J36)^2+(1/$K36)^2)) -> 60.207612 | AC36: =-10*LOG10(1/9*((1/$I36)^2+(1/$J36)^2+(1/$K36)^2+(1/$L36)^2+(1/$M36)^2+(1/$N36)^2+(1/$O36)^2+(1/$P36)^2+(1/$Q36)^2)) -> 54.974041 | AD36: 0.55555556 | AE36: =RANK(R36,R$27:R$43) -> 5 | AF36: =RANK(V36,V$27:V$43) -> 5 | AG36: =RANK(W36,W$27:W$43) -> 7 | AH36: =RANK(AA36,AA$27:AA$43,1) -> 5 | AI36: =RANK(AD36,AD$27:AD$43) -> 5 | AJ36: =RANK(AC36,AC$27:AC$43) -> 11 | AM36: 20 | AN36: 20 | AO36: 20 | AP36: 10 | AQ36: 5 | AR36: 5 | AS36: 2 | AT36: 2 | AU36: 2
A37: 11 | B37: 1:2 | C37: 雙 | D37: 2個 | E37: 4輪 | F37: 小(35mm) | G37: 大(45mm) | H37: 單(3.5mm) | I37: 1006 | J37: 1124 | K37: 1132 | L37: 1005 | M37: 991 | N37: 810 | O37: 623 | P37: 596.5 | Q37: 618 | R37: =AVERAGE(I37,J37,K37) -> 1087.3333 | S37: =AVERAGE(L37,M37) -> 998 | T37: =AVERAGE(N37,O37) -> 716.5 | U37: =AVERAGE(P37,Q37) -> 607.25 | V37: =AVERAGE(I37:Q37) -> 878.38889 | W37: =_xlfn.STDEV.S(I37,J37,K37) -> 70.550219 | X37: =_xlfn.STDEV.S(L37,M37) -> 9.8994949 | Y37: =_xlfn.STDEV.S(N37,O37) -> 132.22897 | Z37: =_xlfn.STDEV.S(P37,Q37) -> 15.202796 | AA37: =AVERAGE(W37:Z37) -> 56.970369 | AB37: =-10*LOG10(1/3*((1/$I37)^2+(1/$J37)^2+(1/$K37)^2)) -> 60.688781 | AC37: =-10*LOG10(1/9*((1/$I37)^2+(1/$J37)^2+(1/$K37)^2+(1/$L37)^2+(1/$M37)^2+(1/$N37)^2+(1/$O37)^2+(1/$P37)^2+(1/$Q37)^2)) -> 58.050926 | AD37: 0.55555556 | AE37: =RANK(R37,R$27:R$43) -> 4 | AF37: =RANK(V37,V$27:V$43) -> 1 | AG37: =RANK(W37,W$27:W$43) -> 6 | AH37: =RANK(AA37,AA$27:AA$43,1) -> 14 | AI37: =RANK(AD37,AD$27:AD$43) -> 5 | AJ37: =RANK(AC37,AC$27:AC$43) -> 1 | AM37: 25 | AN37: 10 | AO37: 20 | AP37: 10 | AQ37: 5 | AR37: 5 | AS37: 5 | AT37: 5 | AU37: 5
A38: 12 | B38: 1:2 | C38: 雙 | D38: 2個 | E38: 3輪 | F38: 大(45mm) | G38: 小(35mm) | H38: 雙(7mm) | I38: 1337 | J38: 1295 | K38: 989 | L38: 497 | M38: 528 | N38: 475 | O38: 467 | P38: 454 | Q38: 469 | R38: =AVERAGE(I38,J38,K38) -> 1207 | S38: =AVERAGE(L38,M38) -> 512.5 | T38: =AVERAGE(N38,O38) -> 471 | U38: =AVERAGE(P38,Q38) -> 461.5 | V38: =AVERAGE(I38:Q38) -> 723.44444 | W38: =_xlfn.STDEV.S(I38,J38,K38) -> 189.95789 | X38: =_xlfn.STDEV.S(L38,M38) -> 21.92031 | Y38: =_xlfn.STDEV.S(N38,O38) -> 5.6568542 | Z38: =_xlfn.STDEV.S(P38,Q38) -> 10.606602 | AA38: =AVERAGE(W38:Z38) -> 57.035414 | AB38: =-10*LOG10(1/3*((1/$I38)^2+(1/$J38)^2+(1/$K38)^2)) -> 61.390471 | AC38: =-10*LOG10(1/9*((1/$I38)^2+(1/$J38)^2+(1/$K38)^2+(1/$L38)^2+(1/$M38)^2+(1/$N38)^2+(1/$O38)^2+(1/$P38)^2+(1/$Q38)^2)) -> 55.035495 | AD38: 0.22222222 | AE38: =RANK(R38,R$27:R$43) -> 1 | AF38: =RANK(V38,V$27:V$43) -> 7 | AG38: =RANK(W38,W$27:W$43) -> 2 | AH38: =RANK(AA38,AA$27:AA$43,1) -> 15 | AI38: =RANK(AD38,AD$27:AD$43) -> 14 | AJ38: =RANK(AC38,AC$27:AC$43) -> 10 | AM38: 10 | AN38: 10 | AO38: 10 | AP38: 5 | AQ38: 5 | AR38: 5 | AS38: 2 | AT38: 5 | AU38: 2
A39: 13 | B39: 1:2 | C39: 單 | D39: 3個 | E39: 4輪 | F39: 小(35mm) | G39: 大(45mm) | H39: 單(3.5mm) | I39: 763 | J39: 817 | K39: 790 | L39: 594.5 | M39: 622 | N39: 549 | O39: 553 | P39: 480 | Q39: 520 | R39: =AVERAGE(I39,J39,K39) -> 790 | S39: =AVERAGE(L39,M39) -> 608.25 | T39: =AVERAGE(N39,O39) -> 551 | U39: =AVERAGE(P39,Q39) -> 500 | V39: =AVERAGE(I39:Q39) -> 632.05556 | W39: =_xlfn.STDEV.S(I39,J39,K39) -> 27 | X39: =_xlfn.STDEV.S(L39,M39) -> 19.445436 | Y39: =_xlfn.STDEV.S(N39,O39) -> 2.8284271 | Z39: =_xlfn.STDEV.S(P39,Q39) -> 28.284271 | AA39: =AVERAGE(W39:Z39) -> 19.389534 | AB39: =-10*LOG10(1/3*((1/$I39)^2+(1/$J39)^2+(1/$K39)^2)) -> 57.942388 | AC39: =-10*LOG10(1/9*((1/$I39)^2+(1/$J39)^2+(1/$K39)^2+(1/$L39)^2+(1/$M39)^2+(1/$N39)^2+(1/$O39)^2+(1/$P39)^2+(1/$Q39)^2)) -> 55.587642 | AD39: 0 | AE39: =RANK(R39,R$27:R$43) -> 9 | AF39: =RANK(V39,V$27:V$43) -> 10 | AG39: =RANK(W39,W$27:W$43) -> 13 | AH39: =RANK(AA39,AA$27:AA$43,1) -> 3 | AI39: =RANK(AD39,AD$27:AD$43) -> 16 | AJ39: =RANK(AC39,AC$27:AC$43) -> 7 | AK39: 空車超過兩格歪斜 | AM39: 80 | AN39: 75 | AO39: 70 | AP39: 30 | AQ39: 40 | AR39: 10 | AS39: 10 | AT39: 5 | AU39: 2
A40: 14 | B40: 1:2 | C40: 單 | D40: 3個 | E40: 3輪 | F40: 大(45mm) | G40: 小(35mm) | H40: 雙(7mm) | I40: 825 | J40: 908 | K40: 1204 | L40: 1088 | M40: 1086 | N40: 614 | O40: 369 | P40: 325 | Q40: 340 | R40: =AVERAGE(I40,J40,K40) -> 979 | S40: =AVERAGE(L40,M40) -> 1087 | T40: =AVERAGE(N40,O40) -> 491.5 | U40: =AVERAGE(P40,Q40) -> 332.5 | V40: =AVERAGE(I40:Q40) -> 751 | W40: =_xlfn.STDEV.S(I40,J40,K40) -> 199.226 | X40: =_xlfn.STDEV.S(L40,M40) -> 1.4142136 | Y40: =_xlfn.STDEV.S(N40,O40) -> 173.24116 | Z40: =_xlfn.STDEV.S(P40,Q40) -> 10.606602 | AA40: =AVERAGE(W40:Z40) -> 96.121995 | AB40: =-10*LOG10(1/3*((1/$I40)^2+(1/$J40)^2+(1/$K40)^2)) -> 59.492356 | AC40: =-10*LOG10(1/9*((1/$I40)^2+(1/$J40)^2+(1/$K40)^2+(1/$L40)^2+(1/$M40)^2+(1/$N40)^2+(1/$O40)^2+(1/$P40)^2+(1/$Q40)^2)) -> 54.333737 | AD40: 0.33333333 | AE40: =RANK(R40,R$27:R$43) -> 7 | AF40: =RANK(V40,V$27:V$43) -> 6 | AG40: =RANK(W40,W$27:W$43) -> 1 | AH40: =RANK(AA40,AA$27:AA$43,1) -> 17 | AI40: =RANK(AD40,AD$27:AD$43) -> 9 | AJ40: =RANK(AC40,AC$27:AC$43) -> 14 | AM40: 40 | AN40: 50 | AO40: 30 | AP40: 10 | AQ40: 10 | AR40: 10 | AS40: 6 | AT40: 5 | AU40: 2
A41: 15 | B41: 1:2 | C41: 單 | D41: 2個 | E41: 4輪 | F41: 小(35mm) | G41: 小(35mm) | H41: 雙(7mm) | I41: 945 | J41: 1046 | K41: 983 | L41: 975 | M41: 1004 | N41: 635 | O41: 603.5 | P41: 491 | Q41: 560 | R41: =AVERAGE(I41,J41,K41) -> 991.33333 | S41: =AVERAGE(L41,M41) -> 989.5 | T41: =AVERAGE(N41,O41) -> 619.25 | U41: =AVERAGE(P41,Q41) -> 525.5 | V41: =AVERAGE(I41:Q41) -> 804.72222 | W41: =_xlfn.STDEV.S(I41,J41,K41) -> 51.01307 | X41: =_xlfn.STDEV.S(L41,M41) -> 20.506097 | Y41: =_xlfn.STDEV.S(N41,O41) -> 22.273864 | Z41: =_xlfn.STDEV.S(P41,Q41) -> 48.790368 | AA41: =AVERAGE(W41:Z41) -> 35.64585 | AB41: =-10*LOG10(1/3*((1/$I41)^2+(1/$J41)^2+(1/$K41)^2)) -> 59.90173 | AC41: =-10*LOG10(1/9*((1/$I41)^2+(1/$J41)^2+(1/$K41)^2+(1/$L41)^2+(1/$M41)^2+(1/$N41)^2+(1/$O41)^2+(1/$P41)^2+(1/$Q41)^2)) -> 57.068816 | AD41: 0.44444444 | AE41: =RANK(R41,R$27:R$43) -> 6 | AF41: =RANK(V41,V$27:V$43) -> 2 | AG41: =RANK(W41,W$27:W$43) -> 9 | AH41: =RANK(AA41,AA$27:AA$43,1) -> 9 | AI41: =RANK(AD41,AD$27:AD$43) -> 8 | AJ41: =RANK(AC41,AC$27:AC$43) -> 2 | AM41: 40 | AN41: 20 | AO41: 20 | AP41: 20 | AQ41: 15 | AR41: 10 | AS41: 6 | AT41: 5 | AU41: 2
A42: 16 | B42: 1:2 | C42: 單 | D42: 2個 | E42: 3輪 | F42: 大(45mm) | G42: 大(45mm) | H42: 單(3.5mm) | I42: 1328 | J42: 1207 | K42: 1074 | L42: 745 | M42: 746 | N42: 554 | O42: 562 | P42: 505 | Q42: 396 | R42: =AVERAGE(I42,J42,K42) -> 1203 | S42: =AVERAGE(L42,M42) -> 745.5 | T42: =AVERAGE(N42,O42) -> 558 | U42: =AVERAGE(P42,Q42) -> 450.5 | V42: =AVERAGE(I42:Q42) -> 790.77778 | W42: =_xlfn.STDEV.S(I42,J42,K42) -> 127.04724 | X42: =_xlfn.STDEV.S(L42,M42) -> 0.70710678 | Y42: =_xlfn.STDEV.S(N42,O42) -> 5.6568542 | Z42: =_xlfn.STDEV.S(P42,Q42) -> 77.074639 | AA42: =AVERAGE(W42:Z42) -> 52.621459 | AB42: =-10*LOG10(1/3*((1/$I42)^2+(1/$J42)^2+(1/$K42)^2)) -> 61.507066 | AC42: =-10*LOG10(1/9*((1/$I42)^2+(1/$J42)^2+(1/$K42)^2+(1/$L42)^2+(1/$M42)^2+(1/$N42)^2+(1/$O42)^2+(1/$P42)^2+(1/$Q42)^2)) -> 56.031921 | AD42: 0.33333333 | AE42: =RANK(R42,R$27:R$43) -> 2 | AF42: =RANK(V42,V$27:V$43) -> 4 | AG42: =RANK(W42,W$27:W$43) -> 4 | AH42: =RANK(AA42,AA$27:AA$43,1) -> 13 | AI42: =RANK(AD42,AD$27:AD$43) -> 9 | AJ42: =RANK(AC42,AC$27:AC$43) -> 4 | AM42: 30 | AN42: 30 | AO42: 20 | AP42: 20 | AQ42: 10 | AR42: 5 | AS42: 10 | AT42: 5 | AU42: 2
A43: 最佳組合(17) | B43: 1:2 | C43: 單 | D43: 2個 | E43: 4輪 | F43: 大(45mm) | G43: 大(45mm) | H43: 單(3.5mm) | I43: 1127 | J43: 1298 | K43: 1016 | L43: 809 | M43: 744 | N43: 628 | O43: 549 | P43: 514 | Q43: 475 | R43: =AVERAGE(I43,J43,K43) -> 1147 | S43: =AVERAGE(L43,M43) -> 776.5 | T43: =AVERAGE(N43,O43) -> 588.5 | U43: =AVERAGE(P43,Q43) -> 494.5 | V43: =AVERAGE(I43:Q43) -> 795.55556 | W43: =_xlfn.STDEV.S(I43,J43,K43) -> 142.05985 | X43: =_xlfn.STDEV.S(L43,M43) -> 45.961941 | Y43: =_xlfn.STDEV.S(N43,O43) -> 55.861436 | Z43: =_xlfn.STDEV.S(P43,Q43) -> 27.577164 | AA43: =AVERAGE(W43:Z43) -> 67.865097 | AB43: =-10*LOG10(1/3*((1/$I43)^2+(1/$J43)^2+(1/$K43)^2)) -> 61.061247 | AC43: =-10*LOG10(1/9*((1/$I43)^2+(1/$J43)^2+(1/$K43)^2+(1/$L43)^2+(1/$M43)^2+(1/$N43)^2+(1/$O43)^2+(1/$P43)^2+(1/$Q43)^2)) -> 56.58571 | AD43: 0.22222222 | AE43: =RANK(R43,R$27:R$43) -> 3 | AF43: =RANK(V43,V$27:V$43) -> 3 | AG43: =RANK(W43,W$27:W$43) -> 3 | AH43: =RANK(AA43,AA$27:AA$43,1) -> 16 | AI43: =RANK(AD43,AD$27:AD$43) -> 15 | AJ43: =RANK(AC43,AC$27:AC$43) -> 3 | AM43: 20 | AN43: 15 | AO43: 40 | AP43: 20 | AQ43: 40 | AR43: 20 | AS43: 40 | AT43: 25 | AU43: 15
A47: 表二L4無齒輪數據
A48: 無齒輪 | B48: 變動因子 | E48: 車子移動距離測試結果(cm)(紅字表示歪斜兩格以上)(以上數據皆有跑完) | N48: 平均值(最高值以橘色標示) | S48: 標準差(最低值以橘色標示) | X48: S/N ration(最高值以橘色表示) | Z48: 排行(黃色格表示最高值)
A49: 測試組合 | B49: 驅動位置 | C49: 驅動輪半徑 | D49: 非驅動輪半徑 | E49: 負重0g | H49: 負重50g | J49: 負重100g | L49: 負重150g | N49: 負重0g | O49: 負重50g | P49: 負重100g | Q49: 負重150g | R49: 全部平均 | S49: 負重0g | T49: 負重50g | U49: 負重100g | V49: 負重150g | W49: 全部標準差 | X49: 負重0g | Y49: 全部負重 | Z49: 負重0g平均值 | AA49: 全部平均值 | AB49: 負重0g標準差 | AC49: 全部標準差 | AD49: S/N ration
B50: 1 | C50: 2 | D50: 3 | E50: Y1 | F50: Y2 | G50: Y3 | H50: Y4 | I50: Y5 | J50: Y6 | K50: Y7 | L50: Y8 | M50: Y9
A51: 18 | B51: 後輪 | C51: 大 | D51: 大 | E51: 1048 | F51: 1072 | G51: 1018 | H51: 808 | I51: 804 | J51: 732 | K51: 733 | L51: 660 | M51: 682 | N51: =AVERAGE(E51,F51,G51) -> 1046 | O51: =AVERAGE(H51,I51) -> 806 | P51: =AVERAGE(J51,K51) -> 732.5 | Q51: =AVERAGE(L51,M51) -> 671 | R51: =AVERAGE(E51:M51) -> 839.66667 | S51: =_xlfn.STDEV.S(E51,F51,G51) -> 27.055499 | T51: =_xlfn.STDEV.S(H51,I51) -> 2.8284271 | U51: =_xlfn.STDEV.S(J51,K51) -> 0.70710678 | V51: =_xlfn.STDEV.S(L51,M51) -> 15.556349 | W51: =AVERAGE(S51:V51) -> 11.536845 | X51: =-10*LOG10(1/3*((1/$E51)^2+(1/$F51)^2+(1/$G51)^2)) -> 60.384798 | Y51: =-10*LOG10(1/9*((1/$E51)^2+(1/$F51)^2+(1/$G51)^2+(1/$H51)^2+(1/$I51)^2+(1/$J51)^2+(1/$K51)^2+(1/$L51)^2+(1/$M51)^2)) -> 58.081933 | Z51: =RANK(N51,N$51:N$55) -> 3 | AA51: =RANK(R51,R$51:R$55) -> 2 | AB51: =RANK(S51,S$51:S$55,1) -> 3 | AC51: =RANK(W51,W$51:W$55,1) -> 1 | AD51: =RANK(Y51,Y$51:Y$55) -> 2 | AM51: 60 | AN51: 70 | AO51: 50 | AP51: 40 | AQ51: 30 | AR51: 20 | AS51: 20 | AT51: 10 | AU51: 10
A52: 19 | B52: 後輪 | C52: 小 | D52: 小 | E52: 828 | F52: 854 | G52: 840 | H52: 673 | I52: 683 | J52: 617 | K52: 650 | L52: 606 | M52: 552 | N52: =AVERAGE(E52,F52,G52) -> 840.66667 | O52: =AVERAGE(H52,I52) -> 678 | P52: =AVERAGE(J52,K52) -> 633.5 | Q52: =AVERAGE(L52,M52) -> 579 | R52: =AVERAGE(E52:M52) -> 700.33333 | S52: =_xlfn.STDEV.S(E52,F52,G52) -> 13.012814 | T52: =_xlfn.STDEV.S(H52,I52) -> 7.0710678 | U52: =_xlfn.STDEV.S(J52,K52) -> 23.334524 | V52: =_xlfn.STDEV.S(L52,M52) -> 38.183766 | W52: =AVERAGE(S52:V52) -> 20.400543 | X52: =-10*LOG10(1/3*((1/$E52)^2+(1/$F52)^2+(1/$G52)^2)) -> 58.490398 | Y52: =-10*LOG10(1/9*((1/$E52)^2+(1/$F52)^2+(1/$G52)^2+(1/$H52)^2+(1/$I52)^2+(1/$J52)^2+(1/$K52)^2+(1/$L52)^2+(1/$M52)^2)) -> 56.620504 | Z52: =RANK(N52,N$51:N$55) -> 5 | AA52: =RANK(R52,R$51:R$55) -> 5 | AB52: =RANK(S52,S$51:S$55,1) -> 1 | AC52: =RANK(W52,W$51:W$55,1) -> 2 | AD52: =RANK(Y52,Y$51:Y$55) -> 5 | AM52: 100 | AN52: 120 | AO52: 80 | AP52: 70 | AQ52: 50 | AR52: 50 | AS52: 30 | AT52: 20 | AU52: 20
A53: 20 | B53: 前輪 | C53: 大 | D53: 小 | E53: 1188.5 | F53: 1140 | G53: 1012 | H53: 783 | I53: 793 | J53: 719 | K53: 716 | L53: 601 | M53: 600 | N53: =AVERAGE(E53,F53,G53) -> 1113.5 | O53: =AVERAGE(H53,I53) -> 788 | P53: =AVERAGE(J53,K53) -> 717.5 | Q53: =AVERAGE(L53,M53) -> 600.5 | R53: =AVERAGE(E53:M53) -> 839.16667 | S53: =_xlfn.STDEV.S(E53,F53,G53) -> 91.185251 | T53: =_xlfn.STDEV.S(H53,I53) -> 7.0710678 | U53: =_xlfn.STDEV.S(J53,K53) -> 2.1213203 | V53: =_xlfn.STDEV.S(L53,M53) -> 0.70710678 | W53: =AVERAGE(S53:V53) -> 25.271186 | X53: =-10*LOG10(1/3*((1/$E53)^2+(1/$F53)^2+(1/$G53)^2)) -> 60.872748 | Y53: =-10*LOG10(1/9*((1/$E53)^2+(1/$F53)^2+(1/$G53)^2+(1/$H53)^2+(1/$I53)^2+(1/$J53)^2+(1/$K53)^2+(1/$L53)^2+(1/$M53)^2)) -> 57.750798 | Z53: =RANK(N53,N$51:N$55) -> 1 | AA53: =RANK(R53,R$51:R$55) -> 3 | AB53: =RANK(S53,S$51:S$55,1) -> 4 | AC53: =RANK(W53,W$51:W$55,1) -> 4 | AD53: =RANK(Y53,Y$51:Y$55) -> 3 | AM53: 70 | AN53: 80 | AO53: 80 | AP53: 100 | AQ53: 50 | AR53: 40 | AS53: 30 | AT53: 10 | AU53: 10
A54: 21 | B54: 前輪 | C54: 小 | D54: 大 | E54: 1033 | F54: 991.5 | G54: 989.5 | H54: 720 | I54: 704 | J54: 600 | K54: 671 | L54: 609 | M54: 611 | N54: =AVERAGE(E54,F54,G54) -> 1004.6667 | O54: =AVERAGE(H54,I54) -> 712 | P54: =AVERAGE(J54,K54) -> 635.5 | Q54: =AVERAGE(L54,M54) -> 610 | R54: =AVERAGE(E54:M54) -> 769.88889 | S54: =_xlfn.STDEV.S(E54,F54,G54) -> 24.557755 | T54: =_xlfn.STDEV.S(H54,I54) -> 11.313708 | U54: =_xlfn.STDEV.S(J54,K54) -> 50.204581 | V54: =_xlfn.STDEV.S(L54,M54) -> 1.4142136 | W54: =AVERAGE(S54:V54) -> 21.872565 | X54: =-10*LOG10(1/3*((1/$E54)^2+(1/$F54)^2+(1/$G54)^2)) -> 60.035345 | Y54: =-10*LOG10(1/9*((1/$E54)^2+(1/$F54)^2+(1/$G54)^2+(1/$H54)^2+(1/$I54)^2+(1/$J54)^2+(1/$K54)^2+(1/$L54)^2+(1/$M54)^2)) -> 57.162933 | Z54: =RANK(N54,N$51:N$55) -> 4 | AA54: =RANK(R54,R$51:R$55) -> 4 | AB54: =RANK(S54,S$51:S$55,1) -> 2 | AC54: =RANK(W54,W$51:W$55,1) -> 3 | AD54: =RANK(Y54,Y$51:Y$55) -> 4 | AM54: 70 | AN54: 70 | AO54: 100 | AP54: 70 | AQ54: 50 | AR54: 30 | AS54: 20 | AT54: 10 | AU54: 10
A55: 最佳組合(22) | B55: 前輪 | C55: 大 | D55: 大 | E55: 975 | F55: 1186 | G55: 1032 | H55: 857 | I55: 860 | J55: 740 | K55: 764 | L55: 706 | M55: 717 | N55: =AVERAGE(E55,F55,G55) -> 1064.3333 | O55: =AVERAGE(H55,I55) -> 858.5 | P55: =AVERAGE(J55,K55) -> 752 | Q55: =AVERAGE(L55,M55) -> 711.5 | R55: =AVERAGE(E55:M55) -> 870.77778 | S55: =_xlfn.STDEV.S(E55,F55,G55) -> 109.1528 | T55: =_xlfn.STDEV.S(H55,I55) -> 2.1213203 | U55: =_xlfn.STDEV.S(J55,K55) -> 16.970563 | V55: =_xlfn.STDEV.S(L55,M55) -> 7.7781746 | W55: =AVERAGE(S55:V55) -> 34.005714 | X55: =-10*LOG10(1/3*((1/$E55)^2+(1/$F55)^2+(1/$G55)^2)) -> 60.454646 | Y55: =-10*LOG10(1/9*((1/$E55)^2+(1/$F55)^2+(1/$G55)^2+(1/$H55)^2+(1/$I55)^2+(1/$J55)^2+(1/$K55)^2+(1/$L55)^2+(1/$M55)^2)) -> 58.434406 | Z55: =RANK(N55,N$51:N$55) -> 2 | AA55: =RANK(R55,R$51:R$55) -> 1 | AB55: =RANK(S55,S$51:S$55,1) -> 5 | AC55: =RANK(W55,W$51:W$55,1) -> 5 | AD55: =RANK(Y55,Y$51:Y$55) -> 1 | AM55: 95 | AN55: 90 | AO55: 80 | AP55: 80 | AQ55: 60 | AR55: 45 | AS55: 30 | AT55: 10 | AU55: 20
A60: 表一有齒輪L16分析
A61: 有齒輪 | B61: 平均值 | D61: 標準差 | F61: S/N ratio | G61: 全體排名 | J61: 個別因素排名
A62: 影響程度 | B62: 負重0g | C62: 全部平均 | D62: 負重0g | E62: 全部標準差 | F62: 全負重S/N ratio | G62: 影響「平均」最嚴重的因子排名 | H62: 影響「標準差」最嚴重的因子排名 | I62: 影響「S/N ratio」最嚴重因子排名 | J62: 影響「平均」最嚴重的因子排名 | K62: 影響「標準差」最嚴重的因子排名 | L62: 影響「S/N ratio」最嚴重因子排名 | N62: Factor | O62: Level1 | P62: Level2 | Q62: Difference
A63: 傳動比 | B63: =ABS(AVERAGE(R27:R34)-AVERAGE(R35:R42)) -> 378.02083 | C63: =ABS(AVERAGE(V27:V34)-AVERAGE(V35:V42)) -> 196.53194 | D63: =ABS(AVERAGE(W27:W34)-AVERAGE(W35:W42)) -> 55.684745 | E63: =ABS(AVERAGE(AA27:AA34)-AVERAGE(AA35:AA42)) -> 19.286359 | F63: =ABS(AVERAGE(AC27:AC34)-AVERAGE(AC35:AC42)) -> 1.3242968 | G63: =RANK(C63,$C$63:C$77) -> 1 | H63: =RANK(E63,E$63:E$77) -> 1 | I63: =RANK(F63,$F$63:$F$77) -> 1 | J63: =RANK(C63,$C$63:C$69) -> 1 | K63: =RANK(E63,E$63:E$69) -> 1 | L63: =RANK(F63,$F$63:$F$69) -> 1 | N63: 傳動比 | O63: =AVERAGE(AC27:AC34) -> 54.540133 | P63: =AVERAGE(AC35:AC42) -> 55.86443 | Q63: =O63-P63 -> -1.3242968
A64: 齒輪單雙邊 | B64: =ABS(AVERAGE(R27:R30,R35:R38)-AVERAGE(R31:R34,R39:R42)) -> 1.8541667 | C64: =ABS(AVERAGE(V27:V30,V35:V38)-AVERAGE(V31:V34,V39:V42)) -> 13.156944 | D64: =ABS(AVERAGE(W27:W30,W35:W38)-AVERAGE(W31:W34,W39:W42)) -> 7.1415774 | E64: =ABS(AVERAGE(AA27:AA30,AA35:AA38)-AVERAGE(AA31:AA34,AA39:AA42)) -> 0.60982933 | F64: =ABS(AVERAGE(AC27:AC30,AC35:AC38)-AVERAGE(AC31:AC34,AC39:AC42)) -> 0.17438151 | G64: =RANK(C64,$C$63:C$77) -> 10 | H64: =RANK(E64,E$63:E$77) -> 15 | I64: =RANK(F64,$F$63:$F$77) -> 12 | J64: =RANK(C64,$C$63:C$69) -> 6 | K64: =RANK(E64,E$63:E$69) -> 7 | L64: =RANK(F64,$F$63:$F$69) -> 6 | N64: 齒輪單雙邊 | O64: =AVERAGE(AC27:AC30,AC35:AC38) -> 55.115091 | P64: =AVERAGE(AC31:AC34,AC39:AC42) -> 55.289472 | Q64: =O64-P64 -> -0.17438151
A65: 齒輪數量 | B65: =ABS(AVERAGE(R27:R28,R31:R32,R39:R40,R35:R36)-AVERAGE(R29:R30,R33:R34,R37:R38,R41:R42)) -> 123.97917 | C65: =ABS(AVERAGE(V27:V28,V31:V32,V39:V40,V35:V36)-AVERAGE(V29:V30,V33:V34,V37:V38,V41:V42)) -> 57.309722 | D65: =ABS(AVERAGE(W27:W28,W31:W32,W39:W40,W35:W36)-AVERAGE(W29:W30,W33:W34,W37:W38,W41:W42)) -> 0.14272825 | E65: =ABS(AVERAGE(AA27:AA28,AA31:AA32,AA39:AA40,AA35:AA36)-AVERAGE(AA29:AA30,AA33:AA34,AA37:AA38,AA41:AA42)) -> 2.3994169 | F65: =ABS(AVERAGE(AC27:AC28,AC31:AC32,AC39:AC40,AC35:AC36)-AVERAGE(AC29:AC30,AC33:AC34,AC37:AC38,AC41:AC42)) -> 0.82731632 | G65: =RANK(C65,$C$63:C$77) -> 3 | H65: =RANK(E65,E$63:E$77) -> 14 | I65: =RANK(F65,$F$63:$F$77) -> 3 | J65: =RANK(C65,$C$63:C$69) -> 2 | K65: =RANK(E65,E$63:E$69) -> 6 | L65: =RANK(F65,$F$63:$F$69) -> 2 | N65: 齒輪數量 | O65: =AVERAGE(AC27:AC28,AC31:AC32,AC39:AC40,AC35:AC36) -> 54.788624 | P65: =AVERAGE(AC29:AC30,AC33:AC34,AC37:AC38,AC41:AC42) -> 55.61594 | Q65: =O65-P65 -> -0.82731632
A66: 輪子數 | B66: =ABS(AVERAGE(R27,R29,R31,R33,R35,R37,R39,R41)-AVERAGE(R28,R30,R32,R34,R36,R38,R40,R42)) -> 118.14583 | C66: =ABS(AVERAGE(V27,V29,V31,V33,V35,V37,V39,V41)-AVERAGE(V28,V30,V32,V34,V36,V38,V40,V42)) -> 29.643056 | D66: =ABS(AVERAGE(W27,W29,W31,W33,W35,W37,W39,W41)-AVERAGE(W28,W30,W32,W34,W36,W38,W40,W42)) -> 57.532025 | E66: =ABS(AVERAGE(AA27,AA29,AA31,AA33,AA35,AA37,AA39,AA41)-AVERAGE(AA28,AA30,AA32,AA34,AA36,AA38,AA40,AA42)) -> 11.594354 | F66: =ABS(AVERAGE(AC27,AC29,AC31,AC33,AC35,AC37,AC39,AC41)-AVERAGE(AC28,AC30,AC32,AC34,AC36,AC38,AC40,AC42)) -> 0.47845928 | G66: =RANK(C66,$C$63:C$77) -> 7 | H66: =RANK(E66,E$63:E$77) -> 5 | I66: =RANK(F66,$F$63:$F$77) -> 8 | J66: =RANK(C66,$C$63:C$69) -> 5 | K66: =RANK(E66,E$63:E$69) -> 3 | L66: =RANK(F66,$F$63:$F$69) -> 5 | N66: 輪子數 | O66: =AVERAGE(AC27,AC29,AC31,AC33,AC35,AC37,AC39,AC41) -> 55.441511 | P66: =AVERAGE(AC28,AC30,AC32,AC34,AC36,AC38,AC40,AC42) -> 54.963052 | Q66: =O66-P66 -> 0.47845928
A67: 前輪直徑 | B67: =ABS(AVERAGE(R27,R30,R32,R34,R35,R38,R40,R42)-AVERAGE(R28,R29,R31,R33,R36,R39,R37,R41)) -> 111.64583 | C67: =ABS(AVERAGE(V27,V30,V32,V34,V35,V38,V40,V42)-AVERAGE(V28,V29,V31,V33,V36,V39,V37,V41)) -> 32.259722 | D67: =ABS(AVERAGE(W27,W30,W32,W34,W35,W38,W40,W42)-AVERAGE(W28,W29,W31,W33,W36,W39,W37,W41)) -> 63.324162 | E67: =ABS(AVERAGE(AA27,AA30,AA32,AA34,AA35,AA38,AA40,AA42)-AVERAGE(AA28,AA29,AA31,AA33,AA36,AA39,AA37,AA41)) -> 18.266139 | F67: =ABS(AVERAGE(AC27,AC29,AC32,AC34,AC35,AC37,AC40,AC42)-AVERAGE(AC28,AC30,AC31,AC33,AC36,AC39,AC38,AC41)) -> 0.74763481 | G67: =RANK(C67,$C$63:C$77) -> 6 | H67: =RANK(E67,E$63:E$77) -> 2 | I67: =RANK(F67,$F$63:$F$77) -> 4 | J67: =RANK(C67,$C$63:C$69) -> 4 | K67: =RANK(E67,E$63:E$69) -> 2 | L67: =RANK(F67,$F$63:$F$69) -> 3 | N67: 前輪直徑 | O67: =AVERAGE(AC27,AC30,AC32,AC34,AC35,AC38,AC40,AC42) -> 55.298898 | P67: =AVERAGE(AC28,AC29,AC31,AC33,AC36,AC39,AC37,AC41) -> 55.105666 | Q67: =O67-P67 -> 0.1932317
A68: 後輪直徑 | B68: =ABS(AVERAGE(R27,R29,R31,R34,R35,R37,R39,R42)-AVERAGE(R28,R30,R32,R33,R36,R38,R40,R41)) -> 23.270833 | C68: =ABS(AVERAGE(V27,V29,V31,V34,V35,V37,V39,V42)-AVERAGE(V28,V30,V32,V33,V36,V38,V40,V41)) -> 5.5597222 | D68: =ABS(AVERAGE(W27,W29,W31,W34,W35,W37,W39,W42)-AVERAGE(W28,W30,W32,W33,W36,W38,W40,W41)) -> 36.903569 | E68: =ABS(AVERAGE(AA27,AA29,AA31,AA34,AA35,AA37,AA39,AA42)-AVERAGE(AA28,AA30,AA32,AA33,AA36,AA38,AA40,AA41)) -> 9.022599 | F68: =ABS(AVERAGE(AC27,AC30,AC31,AC34,AC35,AC38,AC39,AC42)-AVERAGE(AC28,AC29,AC32,AC33,AC36,AC37,AC40,AC41)) -> 0.036933328 | G68: =RANK(C68,$C$63:C$77) -> 14 | H68: =RANK(E68,E$63:E$77) -> 7 | I68: =RANK(F68,$F$63:$F$77) -> 15 | J68: =RANK(C68,$C$63:C$69) -> 7 | K68: =RANK(E68,E$63:E$69) -> 4 | L68: =RANK(F68,$F$63:$F$69) -> 7 | N68: 後輪直徑 | O68: =AVERAGE(AC27,AC29,AC31,AC34,AC35,AC37,AC39,AC42) -> 55.49795 | P68: =AVERAGE(AC28,AC30,AC32,AC33,AC36,AC38,AC40,AC41) -> 54.906614 | Q68: =O68-P68 -> 0.59133644
A69: 輪子厚度 | B69: =ABS(AVERAGE(R27,R30,R32,R33,R36,R37,R39,R42)-AVERAGE(R28,R29,R31,R34,R35,R38,R40,R41)) -> 43.854167 | C69: =ABS(AVERAGE(V27,V30,V32,V33,V36,V37,V39,V42)-AVERAGE(V28,V29,V31,V34,V35,V38,V40,V41)) -> 38.856944 | D69: =ABS(AVERAGE(W27,W30,W32,W33,W36,W37,W39,W42)-AVERAGE(W28,W29,W31,W34,W35,W38,W40,W41)) -> 8.5282672 | E69: =ABS(AVERAGE(AA27,AA30,AA32,AA33,AA36,AA37,AA39,AA42)-AVERAGE(AA28,AA29,AA31,AA34,AA35,AA38,AA40,AA41)) -> 3.1441134 | F69: =ABS(AVERAGE(AC27,AC30,AC32,AC33,AC36,AC37,AC39,AC42)-AVERAGE(AC28,AC29,AC31,AC34,AC35,AC38,AC40,AC41)) -> 0.67375909 | G69: =RANK(C69,$C$63:C$77) -> 5 | H69: =RANK(E69,E$63:E$77) -> 12 | I69: =RANK(F69,$F$63:$F$77) -> 5 | J69: =RANK(C69,$C$63:C$69) -> 3 | K69: =RANK(E69,E$63:E$69) -> 5 | L69: =RANK(F69,$F$63:$F$69) -> 4 | N69: 輪子厚度 | O69: =AVERAGE(AC27,AC30,AC32,AC33,AC36,AC37,AC39,AC42) -> 55.539161 | P69: =AVERAGE(AC28,AC29,AC31,AC34,AC35,AC38,AC40,AC41) -> 54.865402 | Q69: =O69-P69 -> 0.67375909
A70: <傳動比>和<齒輪單雙邊>交互關係 | B70: =ABS(AVERAGE(R27:R30,R39:R42)-AVERAGE(R31:R38)) -> 43.0625 | C70: =ABS(AVERAGE(V27:V30,V39:V42)-AVERAGE(V31:V38)) -> 22.5875 | D70: =ABS(AVERAGE(W27:W30,W39:W42)-AVERAGE(W31:W38)) -> 4.2162645 | E70: =ABS(AVERAGE(AA27:AA30,AA39:AA42)-AVERAGE(AA31:AA38)) -> 6.7153398 | F70: =ABS(AVERAGE(AC27:AC30,AC39:AC42)-AVERAGE(AC31:AC38)) -> 0.39218398 | G70: =RANK(C70,$C$63:C$77) -> 8 | H70: =RANK(E70,E$63:E$77) -> 10 | I70: =RANK(F70,$F$63:$F$77) -> 9
A71: <傳動比>和<齒輪數量>交互關係 | B71: =ABS(AVERAGE(R27:R28,R31:R32,R37:R38,R41:R42)-AVERAGE(R29:R30,R33:R36,R39:R40)) -> 93.770833 | C71: =ABS(AVERAGE(V27:V28,V31:V32,V37:V38,V41:V42)-AVERAGE(V29:V30,V33:V36,V39:V40)) -> 42.648611 | D71: =ABS(AVERAGE(W27:W28,W31:W32,W37:W38,W41:W42)-AVERAGE(W29:W30,W33:W36,W39:W40)) -> 28.356167 | E71: =ABS(AVERAGE(AA27:AA28,AA31:AA32,AA37:AA38,AA41:AA42)-AVERAGE(AA29:AA30,AA33:AA36,AA39:AA40)) -> 8.9717135 | F71: =ABS(AVERAGE(AC27:AC28,AC31:AC32,AC37:AC38,AC41:AC42)-AVERAGE(AC29:AC30,AC33:AC36,AC39:AC40)) -> 0.53740267 | G71: =RANK(C71,$C$63:C$77) -> 4 | H71: =RANK(E71,E$63:E$77) -> 8 | I71: =RANK(F71,$F$63:$F$77) -> 6
A72: <齒輪單雙側傳動給輪子>和<齒輪數量>交互關係 | B72: =ABS(AVERAGE(R27:R28,R33:R36,R41:R42)-AVERAGE(R29:R32,R37:R40)) -> 1.5625 | C72: =ABS(AVERAGE(V27:V28,V33:V36,V41:V42)-AVERAGE(V29:V32,V37:V40)) -> 10.134722 | D72: =ABS(AVERAGE(W27:W28,W33:W36,W41:W42)-AVERAGE(W29:W32,W37:W40)) -> 41.863629 | E72: =ABS(AVERAGE(AA27:AA28,AA33:AA36,AA41:AA42)-AVERAGE(AA29:AA32,AA37:AA40)) -> 14.637837 | F72: =ABS(AVERAGE(AC27:AC28,AC33:AC36,AC41:AC42)-AVERAGE(AC29:AC32,AC37:AC40)) -> 0.26817874 | G72: =RANK(C72,$C$63:C$77) -> 12 | H72: =RANK(E72,E$63:E$77) -> 4 | I72: =RANK(F72,$F$63:$F$77) -> 11
A73: <輪子數>和<輪子厚度>交互關係 | B73: =ABS(AVERAGE(R27:R28,R33:R34,R37:R40)-AVERAGE(R29:R32,R35:R36,R41:R42)) -> 6.6458333 | C73: =ABS(AVERAGE(V27:V28,V33:V34,V37:V40)-AVERAGE(V29:V32,V35:V36,V41:V42)) -> 3.8708333 | D73: =ABS(AVERAGE(W27:W28,W33:W34,W37:W40)-AVERAGE(W29:W32,W35:W36,W41:W42)) -> 10.718115 | E73: =ABS(AVERAGE(AA27:AA28,AA33:AA34,AA37:AA40)-AVERAGE(AA29:AA32,AA35:AA36,AA41:AA42)) -> 5.5565694 | F73: =ABS(AVERAGE(AC27:AC28,AC33:AC34,AC37:AC40)-AVERAGE(AC29:AC32,AC35:AC36,AC41:AC42)) -> 0.043218222 | G73: =RANK(C73,$C$63:C$77) -> 15 | H73: =RANK(E73,E$63:E$77) -> 11 | I73: =RANK(F73,$F$63:$F$77) -> 14
A74: <傳動比>和<輪子數>交互關係 | B74: =ABS(AVERAGE(R27,R29,R31,R33,R36,R38,R40,R42)-AVERAGE(R28,R30,R32,R34,R35,R37,R39,R41)) -> 63.270833 | C74: =ABS(AVERAGE(V27,V29,V31,V33,V36,V38,V40,V42)-AVERAGE(V28,V30,V32,V34,V35,V37,V39,V41)) -> 16.9625 | D74: =ABS(AVERAGE(W27,W29,W31,W33,W36,W38,W40,W42)-AVERAGE(W28,W30,W32,W34,W35,W37,W39,W41)) -> 37.060839 | E74: =ABS(AVERAGE(AA27,AA29,AA31,AA33,AA36,AA38,AA40,AA42)-AVERAGE(AA28,AA30,AA32,AA34,AA35,AA37,AA39,AA41)) -> 7.9659011 | F74: =ABS(AVERAGE(AC27,AC29,AC31,AC33,AC36,AC38,AC40,AC42)-AVERAGE(AC28,AC30,AC32,AC34,AC35,AC37,AC39,AC41)) -> 1.062804 | G74: =RANK(C74,$C$63:C$77) -> 9 | H74: =RANK(E74,E$63:E$77) -> 9 | I74: =RANK(F74,$F$63:$F$77) -> 2
A75: <傳動比>和<前輪直徑>交互關係 | B75: =ABS(AVERAGE(R27,R29,R32,R34,R36,R38,R39,R41)-AVERAGE(R28,R30,R31,R33,R35,R37,R40,R42)) -> 21.229167 | C75: =ABS(AVERAGE(V27,V29,V32,V34,V36,V38,V39,V41)-AVERAGE(V28,V30,V31,V33,V35,V37,V40,V42)) -> 12.648611 | D75: =ABS(AVERAGE(W27,W29,W32,W34,W36,W38,W39,W41)-AVERAGE(W28,W30,W31,W33,W35,W37,W40,W42)) -> 1.6204008 | E75: =ABS(AVERAGE(AA27,AA29,AA32,AA34,AA36,AA38,AA39,AA41)-AVERAGE(AA28,AA30,AA31,AA33,AA35,AA37,AA40,AA42)) -> 9.666752 | F75: =ABS(AVERAGE(AC27,AC29,AC32,AC34,AC36,AC38,AC39,AC41)-AVERAGE(AC28,AC30,AC31,AC33,AC35,AC37,AC40,AC42)) -> 0.35177156 | G75: =RANK(C75,$C$63:C$77) -> 11 | H75: =RANK(E75,E$63:E$77) -> 6 | I75: =RANK(F75,$F$63:$F$77) -> 10
A76: <傳動比>和<後輪直徑>交互關係 | B76: =ABS(AVERAGE(R27,R30,R31,R34,R36:R37,R40:R41)-AVERAGE(R28:R29,R32:R33,R35,R38:R39,R42)) -> 63.979167 | C76: =ABS(AVERAGE(V27,V30,V31,V34,V36:V37,V40:V41)-AVERAGE(V28:V29,V32:V33,V35,V38:V39,V42)) -> 71.356944 | D76: =ABS(AVERAGE(W27,W30,W31,W34,W36:W37,W40:W41)-AVERAGE(W28:W29,W32:W33,W35,W38:W39,W42)) -> 7.8650829 | E76: =ABS(AVERAGE(AA27,AA30,AA31,AA34,AA36:AA37,AA40:AA41)-AVERAGE(AA28:AA29,AA32:AA33,AA35,AA38:AA39,AA42)) -> 2.6564399 | F76: =ABS(AVERAGE(AC27,AC30,AC31,AC34,AC36:AC37,AC40:AC41)-AVERAGE(AC28:AC29,AC32:AC33,AC35,AC38:AC39,AC42)) -> 0.52183316 | G76: =RANK(C76,$C$63:C$77) -> 2 | H76: =RANK(E76,E$63:E$77) -> 13 | I76: =RANK(F76,$F$63:$F$77) -> 7
A77: <傳動比>和<輪子厚度>交互關係 | B77: =ABS(AVERAGE(R27,R30,R32,R33,R35,R38,R40,R41)-AVERAGE(R28,R29,R31,R34,R36,R37,R39,R42)) -> 16.770833 | C77: =ABS(AVERAGE(V27,V30,V32,V33,V35,V38,V40,V41)-AVERAGE(V28,V29,V31,V34,V36,V37,V39,V42)) -> 8.1763889 | D77: =ABS(AVERAGE(W27,W30,W32,W33,W35,W38,W40,W41)-AVERAGE(W28,W29,W31,W34,W36,W37,W39,W42)) -> 42.695706 | E77: =ABS(AVERAGE(AA27,AA30,AA32,AA33,AA35,AA38,AA40,AA41)-AVERAGE(AA28,AA29,AA31,AA34,AA36,AA37,AA39,AA42)) -> 15.694385 | F77: =ABS(AVERAGE(AC27,AC30,AC32,AC33,AC35,AC38,AC40,AC41)-AVERAGE(AC28,AC29,AC31,AC34,AC36,AC37,AC39,AC42)) -> 0.080354541 | G77: =RANK(C77,$C$63:C$77) -> 13 | H77: =RANK(E77,E$63:E$77) -> 3 | I77: =RANK(F77,$F$63:$F$77) -> 13
A83: 假設沒有交互作用，透過以下公式計算下表，可看出level1、2對實驗的影響程度
A84: Δ=∣Mean(Level 1)−Mean(Level 2)∣
A85: 若有level1組合的平均值和有level2組合的平均值差越多，表示此變因影響數據重大
A86: 表二無齒輪L4分析
A87: 有齒輪 | B87: 平均值 | D87: 標準差 | F87: S/N ratio | G87: 排名 | K87: Factor | L87: Level1 | M87: Level2 | N87: Difference
A88: 影響程度 | B88: 負重0g | C88: 全部平均 | D88: 負重0g | E88: 全部標準差 | F88: 全負重S/N ratio | G88: 影響「平均」最嚴重的因子排名 | H88: 影響「標準差」最嚴重的因子排名 | I88: 影響「S/N ratio」最嚴重因子排名 | K88: 驅動位置 | L88: =AVERAGE(Y51,Y52) -> 57.351218 | M88: =AVERAGE(Y53,Y54) -> 57.456866 | N88: =L88-M88 -> -0.10564728
A89: 驅動位置 | B89: =ABS(AVERAGE(N51,N52)-AVERAGE(N53,N54)) -> 115.75 | C89: =ABS(AVERAGE(R51,R52)-AVERAGE(R53,R54)) -> 34.527778 | D89: =ABS(AVERAGE(S51,S52)-AVERAGE(S53,S54)) -> 37.837347 | E89: =ABS(AVERAGE(W51,W52)-AVERAGE(W53,W54)) -> 7.6031814 | F89: =ABS(AVERAGE(Y51,Y52)-AVERAGE(Y53,Y54)) -> 0.10564728 | G89: =RANK(C89,C$89:C$91) -> 3 | H89: =RANK(E89,E$89:E$91) -> 1 | I89: =RANK(F89,$F$89:$F$91) -> 3 | K89: 驅動輪半徑 | L89: =AVERAGE(Y51,Y53) -> 57.916366 | M89: =AVERAGE(Y52,Y54) -> 56.891718 | N89: =L89-M89 -> 1.0246471
A90: 驅動輪半徑 | B90: =ABS(AVERAGE(N51,N53)-AVERAGE(N52,N54)) -> 157.08333 | C90: =ABS(AVERAGE(R51,R53)-AVERAGE(R52,R54)) -> 104.30556 | D90: =ABS(AVERAGE(S51,S53)-AVERAGE(S52,S54)) -> 40.33509 | E90: =ABS(AVERAGE(W51,W53)-AVERAGE(W52,W54)) -> 2.7325379 | F90: =ABS(AVERAGE(Y51,Y53)-AVERAGE(Y52,Y54)) -> 1.0246471 | G90: =RANK(C90,C$89:C$91) -> 1 | H90: =RANK(E90,E$89:E$91) -> 3 | I90: =RANK(F90,$F$89:$F$91) -> 1 | K90: 非驅動輪半徑 | L90: =AVERAGE(Y51,Y54) -> 57.622433 | M90: =AVERAGE(Y52,Y53) -> 57.185651 | N90: =L90-M90 -> 0.43678212
A91: 非驅動輪半徑 | B91: =ABS(AVERAGE(N51,N54)-AVERAGE(N52,N53)) -> 48.25 | C91: =ABS(AVERAGE(R51,R54)-AVERAGE(R52,R53)) -> 35.027778 | D91: =ABS(AVERAGE(S51,S54)-AVERAGE(S52,S53)) -> 26.292406 | E91: =ABS(AVERAGE(W51,W54)-AVERAGE(W52,W53)) -> 6.1311597 | F91: =ABS(AVERAGE(Y51,Y54)-AVERAGE(Y52,Y53)) -> 0.43678212 | G91: =RANK(C91,C$89:C$91) -> 2 | H91: =RANK(E91,E$89:E$91) -> 2 | I91: =RANK(F91,$F$89:$F$91) -> 2

Sheet 第二階段全因子
AH1: (假設平均值為目標距離，一個標準差為直線偏移，側向偏移低於20不扣分)
A2: 直線前進距離 | B2: 變動因子 | E2: 車子移動直線距離測試結果(cm)(紅字表示彈簧繩未完全收起) | N2: 平均值(高於平均以橘色標示) | T2: 標準差(低於平均以橘色標示) | Z2: S/N ration(高於平均以橘色表示) | AB2: 完成度(紅色為成功率低) | AC2: 排行(黃色格表示最優組合) | AH2: 考試分數預測(滿分60)
A3: 測試組合 | B3: 有無軸承 | C3: 有無齒輪 | D3: 有無主板 | E3: 負重0g | H3: 負重50g | J3: 負重100g | L3: 負重150g | N3: 負重0g | O3: 負重50g | P3: 負重100g | Q3: 負重150g | R3: 有負重平均值 | S3: 全部平均值 | T3: 負重0g | U3: 負重50g | V3: 負重100g | W3: 負重150g | X3: 有負重平均 | Y3: 全部平均 | Z3: 負重0g | AA3: 全部負重 | AB3: (線有完全收完的比例) | AC3: 有負重平均值 | AD3: 全部平均值 | AE3: 有負重標準差 | AF3: 全部標準差 | AG3: S/N ration | AH3: 負重50g | AI3: 負重100g | AJ3: 負重150g | AK3: 有負重平均值
B4: 1 | C4: 2 | D4: 3 | E4: Y1 | F4: Y2 | G4: Y3 | H4: Y4 | I4: Y5 | J4: Y6 | K4: Y7 | L4: Y8 | M4: Y9
A5: 23 | B5: 無 | C5: 無 | D5: 無 | E5: 1107 | F5: 1157 | G5: 1127 | H5: 854 | I5: 811 | J5: 765 | K5: 713 | L5: 700 | M5: 698 | N5: =AVERAGE(E5,F5,G5) -> 1130.3333 | O5: =AVERAGE(H5,I5) -> 832.5 | P5: =AVERAGE(J5,K5) -> 739 | Q5: =AVERAGE(L5,M5) -> 699 | R5: =AVERAGE(O5,P5,Q5) -> 756.83333 | S5: =AVERAGE(E5:M5) -> 881.33333 | T5: =_xlfn.STDEV.S(E5,F5,G5) -> 25.166115 | U5: =_xlfn.STDEV.S(H5,I5) -> 30.405592 | V5: =_xlfn.STDEV.S(J5,K5) -> 36.769553 | W5: =_xlfn.STDEV.S(L5,M5) -> 1.4142136 | X5: =AVERAGE(U5,V5,W5) -> 22.863119 | Y5: =AVERAGE(T5:W5) -> 23.438868 | Z5: =-10*LOG10(1/3*((1/$E5)^2+(1/$F5)^2+(1/$G5)^2)) -> 61.059849 | AA5: =-10*LOG10(1/9*((1/$E5)^2+(1/$F5)^2+(1/$G5)^2+(1/$H5)^2+(1/I5)^2+(1/$J5)^2+(1/$K5)^2+(1/$L5)^2+(1/$M5)^2)) -> 58.39929 | AB5: 1 | AC5: =RANK(R5,R$5:R$12) -> 4 | AD5: =RANK(S5,S$5:S$12) -> 1 | AE5: =RANK(X5,X$5:X$12,1) -> 4 | AF5: =RANK(Y5,Y$5:Y$12,1) -> 4 | AG5: =RANK(AA5,AA$5:AA$12) -> 4 | AH5: =IF(O22<20,(40-U5/2)+20,(40-U5/2)+(20-((O22-20)*4/5))) -> -48.802796 | AI5: =IF(P22<20,(40-V5/2)+20,(40-V5/2)+(20-((P22-20)*4/5))) -> -2.3847763 | AJ5: =IF(Q22<20,(40-W5/2)+20,(40-W5/2)+(20-((Q22-20)*4/5))) -> 59.292893 | AK5: =IF(R22<20,(40-X5/2)+20,(40-X5/2)+(20-((R22-20)*4/5))) -> 4.035107
A6: 24 | B6: 無 | C6: 有 | D6: 無 | E6: 1280 | F6: 1268 | G6: 1270 | H6: 706 | I6: 700 | J6: 500 | K6: 505 | L6: 442 | M6: 420 | N6: =AVERAGE(E6,F6,G6) -> 1272.6667 | O6: =AVERAGE(H6,I6) -> 703 | P6: =AVERAGE(J6,K6) -> 502.5 | Q6: =AVERAGE(L6,M6) -> 431 | R6: =AVERAGE(O6,P6,Q6) -> 545.5 | S6: =AVERAGE(E6:M6) -> 787.88889 | T6: =_xlfn.STDEV.S(E6,F6,G6) -> 6.4291005 | U6: =_xlfn.STDEV.S(H6,I6) -> 4.2426407 | V6: =_xlfn.STDEV.S(J6,K6) -> 3.5355339 | W6: =_xlfn.STDEV.S(L6,M6) -> 15.556349 | X6: =AVERAGE(U6,V6,W6) -> 7.7781746 | Y6: =AVERAGE(T6:W6) -> 7.4409061 | Z6: =-10*LOG10(1/3*((1/$E6)^2+(1/$F6)^2+(1/$G6)^2)) -> 62.094072 | AA6: =-10*LOG10(1/9*((1/$E6)^2+(1/$F6)^2+(1/$G6)^2+(1/$H6)^2+(1/$I6)^2+(1/$J6)^2+(1/$K6)^2+(1/$L6)^2+(1/$M6)^2)) -> 55.631632 | AB6: =3/9 -> 0.33333333 | AC6: =RANK(R6,R$5:R$12) -> 8 | AD6: =RANK(S6,S$5:S$12) -> 7 | AE6: =RANK(X6,X$5:X$12,1) -> 1 | AF6: =RANK(Y6,Y$5:Y$12,1) -> 1 | AG6: =RANK(AA6,AA$5:AA$12) -> 8 | AH6: =IF(O23<20,(40-U6/2)+20,(40-U6/2)+(20-((O23-20)*4/5))) -> 39.87868 | AI6: =IF(P23<20,(40-V6/2)+20,(40-V6/2)+(20-((P23-20)*4/5))) -> 58.232233 | AJ6: =IF(Q23<20,(40-W6/2)+20,(40-W6/2)+(20-((Q23-20)*4/5))) -> 52.221825 | AK6: =IF(R23<20,(40-X6/2)+20,(40-X6/2)+(20-((R23-20)*4/5))) -> 56.110913
A7: 25 | B7: 有 | C7: 無 | D7: 無 | E7: 887 | F7: 880 | G7: 987 | H7: 789 | I7: 775 | J7: 900 | K7: 918 | L7: 875 | M7: 880 | N7: =AVERAGE(E7,F7,G7) -> 918 | O7: =AVERAGE(H7,I7) -> 782 | P7: =AVERAGE(J7,K7) -> 909 | Q7: =AVERAGE(L7,M7) -> 877.5 | R7: =AVERAGE(O7,P7,Q7) -> 856.16667 | S7: =AVERAGE(E7:M7) -> 876.77778 | T7: =_xlfn.STDEV.S(E7,F7,G7) -> 59.858166 | U7: =_xlfn.STDEV.S(H7,I7) -> 9.8994949 | V7: =_xlfn.STDEV.S(J7,K7) -> 12.727922 | W7: =_xlfn.STDEV.S(L7,M7) -> 3.5355339 | X7: =AVERAGE(U7,V7,W7) -> 8.7209836 | Y7: =AVERAGE(T7:W7) -> 21.505279 | Z7: =-10*LOG10(1/3*((1/$E7)^2+(1/$F7)^2+(1/$G7)^2)) -> 59.221648 | AA7: =-10*LOG10(1/9*((1/$E7)^2+(1/$F7)^2+(1/$G7)^2+(1/$H7)^2+(1/$I7)^2+(1/$J7)^2+(1/$K7)^2+(1/$L7)^2+(1/$M7)^2)) -> 58.794698 | AB7: 1 | AC7: =RANK(R7,R$5:R$12) -> 1 | AD7: =RANK(S7,S$5:S$12) -> 2 | AE7: =RANK(X7,X$5:X$12,1) -> 2 | AF7: =RANK(Y7,Y$5:Y$12,1) -> 2 | AG7: =RANK(AA7,AA$5:AA$12) -> 1 | AH7: =IF(O24<20,(40-U7/2)+20,(40-U7/2)+(20-((O24-20)*4/5))) -> 11.050253 | AI7: =IF(P24<20,(40-V7/2)+20,(40-V7/2)+(20-((P24-20)*4/5))) -> 21.636039 | AJ7: =IF(Q24<20,(40-W7/2)+20,(40-W7/2)+(20-((Q24-20)*4/5))) -> 20.232233 | AK7: =IF(R24<20,(40-X7/2)+20,(40-X7/2)+(20-((R24-20)*4/5))) -> 17.639508
A8: 26 | B8: 有 | C8: 有 | D8: 無 | E8: 910 | F8: 980 | G8: 1002 | H8: 745 | I8: 830 | J8: 740 | K8: 680 | L8: 670 | M8: 720 | N8: =AVERAGE(E8,F8,G8) -> 964 | O8: =AVERAGE(H8,I8) -> 787.5 | P8: =AVERAGE(J8,K8) -> 710 | Q8: =AVERAGE(L8,M8) -> 695 | R8: =AVERAGE(O8,P8,Q8) -> 730.83333 | S8: =AVERAGE(E8:M8) -> 808.55556 | T8: =_xlfn.STDEV.S(E8,F8,G8) -> 48.041649 | U8: =_xlfn.STDEV.S(H8,I8) -> 60.104076 | V8: =_xlfn.STDEV.S(J8,K8) -> 42.426407 | W8: =_xlfn.STDEV.S(L8,M8) -> 35.355339 | X8: =AVERAGE(U8,V8,W8) -> 45.961941 | Y8: =AVERAGE(T8:W8) -> 46.481868 | Z8: =-10*LOG10(1/3*((1/$E8)^2+(1/$F8)^2+(1/$G8)^2)) -> 59.659295 | AA8: =-10*LOG10(1/9*((1/$E8)^2+(1/$F8)^2+(1/$G8)^2+(1/$H8)^2+(1/$I8)^2+(1/$J8)^2+(1/$K8)^2+(1/$L8)^2+(1/$M8)^2)) -> 57.885947 | AB8: 0 | AC8: =RANK(R8,R$5:R$12) -> 5 | AD8: =RANK(S8,S$5:S$12) -> 5 | AE8: =RANK(X8,X$5:X$12,1) -> 8 | AF8: =RANK(Y8,Y$5:Y$12,1) -> 7 | AG8: =RANK(AA8,AA$5:AA$12) -> 5 | AH8: =IF(O25<20,(40-U8/2)+20,(40-U8/2)+(20-((O25-20)*4/5))) -> 13.947962 | AI8: =IF(P25<20,(40-V8/2)+20,(40-V8/2)+(20-((P25-20)*4/5))) -> 38.786797 | AJ8: =IF(Q25<20,(40-W8/2)+20,(40-W8/2)+(20-((Q25-20)*4/5))) -> 42.32233 | AK8: =IF(R25<20,(40-X8/2)+20,(40-X8/2)+(20-((R25-20)*4/5))) -> 32.752363
A9: 22 | B9: 無 | C9: 無 | D9: 有 | E9: 975 | F9: 1186 | G9: 1032 | H9: 857 | I9: 860 | J9: 740 | K9: 764 | L9: 706 | M9: 717 | N9: =AVERAGE(E9,F9,G9) -> 1064.3333 | O9: =AVERAGE(H9,I9) -> 858.5 | P9: =AVERAGE(J9,K9) -> 752 | Q9: =AVERAGE(L9,M9) -> 711.5 | R9: =AVERAGE(O9,P9,Q9) -> 774 | S9: =AVERAGE(E9:M9) -> 870.77778 | T9: =_xlfn.STDEV.S(E9,F9,G9) -> 109.1528 | U9: =_xlfn.STDEV.S(H9,I9) -> 2.1213203 | V9: =_xlfn.STDEV.S(J9,K9) -> 16.970563 | W9: =_xlfn.STDEV.S(L9,M9) -> 7.7781746 | X9: =AVERAGE(U9,V9,W9) -> 8.9566859 | Y9: =AVERAGE(T9:W9) -> 34.005714 | Z9: =-10*LOG10(1/3*((1/$E9)^2+(1/$F9)^2+(1/$G9)^2)) -> 60.454646 | AA9: =-10*LOG10(1/9*((1/$E9)^2+(1/$F9)^2+(1/$G9)^2+(1/$H9)^2+(1/$I9)^2+(1/$J9)^2+(1/$K9)^2+(1/$L9)^2+(1/$M9)^2)) -> 58.434406 | AB9: 1 | AC9: =RANK(R9,R$5:R$12) -> 3 | AD9: =RANK(S9,S$5:S$12) -> 3 | AE9: =RANK(X9,X$5:X$12,1) -> 3 | AF9: =RANK(Y9,Y$5:Y$12,1) -> 6 | AG9: =RANK(AA9,AA$5:AA$12) -> 3 | AH9: =IF(O26<20,(40-U9/2)+20,(40-U9/2)+(20-((O26-20)*4/5))) -> 18.93934 | AI9: =IF(P26<20,(40-V9/2)+20,(40-V9/2)+(20-((P26-20)*4/5))) -> 37.514719 | AJ9: =IF(Q26<20,(40-W9/2)+20,(40-W9/2)+(20-((Q26-20)*4/5))) -> 56.110913 | AK9: =IF(R26<20,(40-X9/2)+20,(40-X9/2)+(20-((R26-20)*4/5))) -> 38.85499
A10: 17 | B10: 無 | C10: 有 | D10: 有 | E10: 1127 | F10: 1298 | G10: 1016 | H10: 809 | I10: 744 | J10: 628 | K10: 549 | L10: 514 | M10: 475 | N10: =AVERAGE(E10,F10,G10) -> 1147 | O10: =AVERAGE(H10,I10) -> 776.5 | P10: =AVERAGE(J10,K10) -> 588.5 | Q10: =AVERAGE(L10,M10) -> 494.5 | R10: =AVERAGE(O10,P10,Q10) -> 619.83333 | S10: =AVERAGE(E10:M10) -> 795.55556 | T10: =_xlfn.STDEV.S(E10,F10,G10) -> 142.05985 | U10: =_xlfn.STDEV.S(H10,I10) -> 45.961941 | V10: =_xlfn.STDEV.S(J10,K10) -> 55.861436 | W10: =_xlfn.STDEV.S(L10,M10) -> 27.577164 | X10: =AVERAGE(U10,V10,W10) -> 43.133514 | Y10: =AVERAGE(T10:W10) -> 67.865097 | Z10: =-10*LOG10(1/3*((1/$E10)^2+(1/$F10)^2+(1/$G10)^2)) -> 61.061247 | AA10: =-10*LOG10(1/9*((1/$E10)^2+(1/$F10)^2+(1/$G10)^2+(1/$H10)^2+(1/$I10)^2+(1/$J10)^2+(1/$K10)^2+(1/$L10)^2+(1/$M10)^2)) -> 56.58571 | AB10: =2/9 -> 0.22222222 | AC10: =RANK(R10,R$5:R$12) -> 7 | AD10: =RANK(S10,S$5:S$12) -> 6 | AE10: =RANK(X10,X$5:X$12,1) -> 7 | AF10: =RANK(Y10,Y$5:Y$12,1) -> 8 | AG10: =RANK(AA10,AA$5:AA$12) -> 6 | AH10: =IF(O27<20,(40-U10/2)+20,(40-U10/2)+(20-((O27-20)*4/5))) -> 29.01903 | AI10: =IF(P27<20,(40-V10/2)+20,(40-V10/2)+(20-((P27-20)*4/5))) -> 24.069282 | AJ10: =IF(Q27<20,(40-W10/2)+20,(40-W10/2)+(20-((Q27-20)*4/5))) -> 46.211418 | AK10: =IF(R27<20,(40-X10/2)+20,(40-X10/2)+(20-((R27-20)*4/5))) -> 33.09991
A11: 27 | B11: 有 | C11: 無 | D11: 有 | E11: 883 | F11: 877 | G11: 887 | H11: 820 | I11: 830 | J11: 872 | K11: 818 | L11: 875 | M11: 816 | N11: =AVERAGE(E11,F11,G11) -> 882.33333 | O11: =AVERAGE(H11,I11) -> 825 | P11: =AVERAGE(J11,K11) -> 845 | Q11: =AVERAGE(L11,M11) -> 845.5 | R11: =AVERAGE(O11,P11,Q11) -> 838.5 | S11: =AVERAGE(E11:M11) -> 853.11111 | T11: =_xlfn.STDEV.S(E11,F11,G11) -> 5.033223 | U11: =_xlfn.STDEV.S(H11,I11) -> 7.0710678 | V11: =_xlfn.STDEV.S(J11,K11) -> 38.183766 | W11: =_xlfn.STDEV.S(L11,M11) -> 41.7193 | X11: =AVERAGE(U11,V11,W11) -> 28.991378 | Y11: =AVERAGE(T11:W11) -> 23.001839 | Z11: =-10*LOG10(1/3*((1/$E11)^2+(1/$F11)^2+(1/$G11)^2)) -> 58.912371 | AA11: =-10*LOG10(1/9*((1/$E11)^2+(1/$F11)^2+(1/$G11)^2+(1/$H11)^2+(1/$I11)^2+(1/$J11)^2+(1/$K11)^2+(1/$L11)^2+(1/$M11)^2)) -> 58.604665 | AB11: 1 | AC11: =RANK(R11,R$5:R$12) -> 2 | AD11: =RANK(S11,S$5:S$12) -> 4 | AE11: =RANK(X11,X$5:X$12,1) -> 5 | AF11: =RANK(Y11,Y$5:Y$12,1) -> 3 | AG11: =RANK(AA11,AA$5:AA$12) -> 2 | AH11: =IF(O28<20,(40-U11/2)+20,(40-U11/2)+(20-((O28-20)*4/5))) -> 20.464466 | AI11: =IF(P28<20,(40-V11/2)+20,(40-V11/2)+(20-((P28-20)*4/5))) -> 40.908117 | AJ11: =IF(Q28<20,(40-W11/2)+20,(40-W11/2)+(20-((Q28-20)*4/5))) -> 39.14035 | AK11: =IF(R28<20,(40-X11/2)+20,(40-X11/2)+(20-((R28-20)*4/5))) -> 35.904311
A12: 28 | B12: 有 | C12: 有 | D12: 有 | E12: 1000 | F12: 948 | G12: 980 | H12: 892 | I12: 920 | J12: 572 | K12: 505 | L12: 440 | M12: 487 | N12: =AVERAGE(E12,F12,G12) -> 976 | O12: =AVERAGE(H12,I12) -> 906 | P12: =AVERAGE(J12,K12) -> 538.5 | Q12: =AVERAGE(L12,M12) -> 463.5 | R12: =AVERAGE(O12,P12,Q12) -> 636 | S12: =AVERAGE(E12:M12) -> 749.33333 | T12: =_xlfn.STDEV.S(E12,F12,G12) -> 26.229754 | U12: =_xlfn.STDEV.S(H12,I12) -> 19.79899 | V12: =_xlfn.STDEV.S(J12,K12) -> 47.376154 | W12: =_xlfn.STDEV.S(L12,M12) -> 33.234019 | X12: =AVERAGE(U12,V12,W12) -> 33.469721 | Y12: =AVERAGE(T12:W12) -> 31.659729 | Z12: =-10*LOG10(1/3*((1/$E12)^2+(1/$F12)^2+(1/$G12)^2)) -> 59.78267 | AA12: =-10*LOG10(1/9*((1/$E12)^2+(1/$F12)^2+(1/$G12)^2+(1/$H12)^2+(1/$I12)^2+(1/$J12)^2+(1/$K12)^2+(1/$L12)^2+(1/$M12)^2)) -> 56.127784 | AB12: 0 | AC12: =RANK(R12,R$5:R$12) -> 6 | AD12: =RANK(S12,S$5:S$12) -> 8 | AE12: =RANK(X12,X$5:X$12,1) -> 6 | AF12: =RANK(Y12,Y$5:Y$12,1) -> 5 | AG12: =RANK(AA12,AA$5:AA$12) -> 7 | AH12: =IF(O29<20,(40-U12/2)+20,(40-U12/2)+(20-((O29-20)*4/5))) -> 40.100505 | AI12: =IF(P29<20,(40-V12/2)+20,(40-V12/2)+(20-((P29-20)*4/5))) -> 32.311923 | AJ12: =IF(Q29<20,(40-W12/2)+20,(40-W12/2)+(20-((Q29-20)*4/5))) -> 43.382991 | AK12: =IF(R29<20,(40-X12/2)+20,(40-X12/2)+(20-((R29-20)*4/5))) -> 41.26514
A13: (有齒輪為第一階段第一張表的最佳組合)
A14: (沒齒輪為第一階段第二張表的最佳組合) | M14: 預估拉的長度 | O14: 11.828 | P14: 13.12 | Q14: 13.6
A19: 側向偏移 | B19: 變動因子 | E19: 車子移動側向偏移測試結果(cm)(紅色為嚴重歪斜超過40cm) | N19: 平均值(低於平均以橘色標示) | T19: 標準差(低於平均以橘色標示) | Z19: S/N ration(低於平均以橘色表示) | AB19: 歪斜小於40cm | AC19: 排行(黃色格表示最優組合)
A20: 測試組合 | B20: 有無軸承 | C20: 有無齒輪 | D20: 有無主板 | E20: 負重0g | H20: 負重50g | J20: 負重100g | L20: 負重150g | N20: 負重0g | O20: 負重50g | P20: 負重100g | Q20: 負重150g | R20: 有負重平均值 | S20: 全部平均值 | T20: 負重0g | U20: 負重50g | V20: 負重100g | W20: 負重150g | X20: 有負重平均 | Y20: 全部標準差平均 | Z20: 負重0g | AA20: 全部負重 | AB20: (紅色為嚴重歪斜) | AC20: 有負重平均值 | AD20: 全部平均值 | AE20: 有負重標準差 | AF20: 全部標準差 | AG20: S/N ration
B21: 1 | C21: 2 | D21: 3 | E21: Y1 | F21: Y2 | G21: Y3 | H21: Y4 | I21: Y5 | J21: Y6 | K21: Y7 | L21: Y8 | M21: Y9
A22: 23 | B22: 無 | C22: 無 | D22: 無 | E22: 191 | F22: 237 | G22: 180 | H22: 120 | I22: 154 | J22: 80 | K22: 70 | L22: 10 | M22: 20 | N22: =AVERAGE(E22,F22,G22) -> 202.66667 | O22: =AVERAGE(H22,I22) -> 137 | P22: =AVERAGE(J22,K22) -> 75 | Q22: =AVERAGE(L22,M22) -> 15 | R22: =AVERAGE(O22,P22,Q22) -> 75.666667 | S22: =AVERAGE(E22:M22) -> 118 | T22: =_xlfn.STDEV.S(E22,F22,G22) -> 30.237945 | U22: =_xlfn.STDEV.S(H22,I22) -> 24.041631 | V22: =_xlfn.STDEV.S(J22,K22) -> 7.0710678 | W22: =_xlfn.STDEV.S(L22,M22) -> 7.0710678 | X22: =AVERAGE(U22,V22,W22) -> 12.727922 | Y22: =AVERAGE(T22:W22) -> 17.105428 | Z22: =-10*LOG10(1/3*(($E22)^2+($F22)^2+($G22)^2)) -> -46.199624 | AA22: =-10*LOG10(1/9*(($E22)^2+($F22)^2+($G22)^2+($H22)^2+(I22)^2+($J22)^2+($K22)^2+($L22)^2+($M22)^2)) -> -42.887112 | AB22: =7/9 -> 0.77777778 | AC22: =RANK(R22,R$22:R$29,1) -> 8 | AD22: =RANK(S22,S$22:S$29,1) -> 8 | AE22: =RANK(X22,X$22:X$29,1) -> 7 | AF22: =RANK(Y22,Y$22:Y$29,1) -> 7 | AG22: =RANK(AA22,AA$22:AA$29,1) -> 1
A23: 24 | B23: 無 | C23: 有 | D23: 無 | E23: 50 | F23: 85 | G23: 120 | H23: 55 | I23: 30 | J23: 20 | K23: 5 | L23: 2 | M23: 2 | N23: =AVERAGE(E23,F23,G23) -> 85 | O23: =AVERAGE(H23,I23) -> 42.5 | P23: =AVERAGE(J23,K23) -> 12.5 | Q23: =AVERAGE(L23,M23) -> 2 | R23: =AVERAGE(O23,P23,Q23) -> 19 | S23: =AVERAGE(E23:M23) -> 41 | T23: =_xlfn.STDEV.S(E23,F23,G23) -> 35 | U23: =_xlfn.STDEV.S(H23,I23) -> 17.67767 | V23: =_xlfn.STDEV.S(J23,K23) -> 10.606602 | W23: =_xlfn.STDEV.S(L23,M23) -> 0 | X23: =AVERAGE(U23,V23,W23) -> 9.4280904 | Y23: =AVERAGE(T23:W23) -> 15.821068 | Z23: =-10*LOG10(1/3*(($E23)^2+($F23)^2+($G23)^2)) -> -39.053461 | AA23: =-10*LOG10(1/9*(($E23)^2+($F23)^2+($G23)^2+($H23)^2+(I23)^2+($J23)^2+($K23)^2+($L23)^2+($M23)^2)) -> -35.003432 | AB23: =4/9 -> 0.44444444 | AC23: =RANK(R23,R$22:R$29,1) -> 1 | AD23: =RANK(S23,S$22:S$29,1) -> 4 | AE23: =RANK(X23,X$22:X$29,1) -> 3 | AF23: =RANK(Y23,Y$22:Y$29,1) -> 6 | AG23: =RANK(AA23,AA$22:AA$29,1) -> 4
A24: 25 | B24: 有 | C24: 無 | D24: 無 | E24: 120 | F24: 125 | G24: 120 | H24: 50 | I24: 100 | J24: 60 | K24: 60 | L24: 90 | M24: 45 | N24: =AVERAGE(E24,F24,G24) -> 121.66667 | O24: =AVERAGE(H24,I24) -> 75 | P24: =AVERAGE(J24,K24) -> 60 | Q24: =AVERAGE(L24,M24) -> 67.5 | R24: =AVERAGE(O24,P24,Q24) -> 67.5 | S24: =AVERAGE(E24:M24) -> 85.555556 | T24: =_xlfn.STDEV.S(E24,F24,G24) -> 2.8867513 | U24: =_xlfn.STDEV.S(H24,I24) -> 35.355339 | V24: =_xlfn.STDEV.S(J24,K24) -> 0 | W24: =_xlfn.STDEV.S(L24,M24) -> 31.819805 | X24: =AVERAGE(U24,V24,W24) -> 22.391715 | Y24: =AVERAGE(T24:W24) -> 17.515474 | Z24: =-10*LOG10(1/3*(($E24)^2+($F24)^2+($G24)^2)) -> -41.705062 | AA24: =-10*LOG10(1/9*(($E24)^2+($F24)^2+($G24)^2+($H24)^2+(I24)^2+($J24)^2+($K24)^2+($L24)^2+($M24)^2)) -> -39.164539 | AB24: 0 | AC24: =RANK(R24,R$22:R$29,1) -> 7 | AD24: =RANK(S24,S$22:S$29,1) -> 7 | AE24: =RANK(X24,X$22:X$29,1) -> 8 | AF24: =RANK(Y24,Y$22:Y$29,1) -> 8 | AG24: =RANK(AA24,AA$22:AA$29,1) -> 2
A25: 26 | B25: 有 | C25: 有 | D25: 無 | E25: 8 | F25: 13 | G25: 38 | H25: 40 | I25: 40 | J25: 20 | K25: 20 | L25: 30 | M25: 2 | N25: =AVERAGE(E25,F25,G25) -> 19.666667 | O25: =AVERAGE(H25,I25) -> 40 | P25: =AVERAGE(J25,K25) -> 20 | Q25: =AVERAGE(L25,M25) -> 16 | R25: =AVERAGE(O25,P25,Q25) -> 25.333333 | S25: =AVERAGE(E25:M25) -> 23.444444 | T25: =_xlfn.STDEV.S(E25,F25,G25) -> 16.072751 | U25: =_xlfn.STDEV.S(H25,I25) -> 0 | V25: =_xlfn.STDEV.S(J25,K25) -> 0 | W25: =_xlfn.STDEV.S(L25,M25) -> 19.79899 | X25: =AVERAGE(U25,V25,W25) -> 6.5996633 | Y25: =AVERAGE(T25:W25) -> 8.9679353 | Z25: =-10*LOG10(1/3*(($E25)^2+($F25)^2+($G25)^2)) -> -27.474118 | AA25: =-10*LOG10(1/9*(($E25)^2+($F25)^2+($G25)^2+($H25)^2+(I25)^2+($J25)^2+($K25)^2+($L25)^2+($M25)^2)) -> -28.640494 | AB25: 1 | AC25: =RANK(R25,R$22:R$29,1) -> 3 | AD25: =RANK(S25,S$22:S$29,1) -> 1 | AE25: =RANK(X25,X$22:X$29,1) -> 2 | AF25: =RANK(Y25,Y$22:Y$29,1) -> 2 | AG25: =RANK(AA25,AA$22:AA$29,1) -> 7
A26: 22 | B26: 無 | C26: 無 | D26: 有 | E26: 95 | F26: 90 | G26: 80 | H26: 80 | I26: 60 | J26: 45 | K26: 30 | L26: 10 | M26: 20 | N26: =AVERAGE(E26,F26,G26) -> 88.333333 | O26: =AVERAGE(H26,I26) -> 70 | P26: =AVERAGE(J26,K26) -> 37.5 | Q26: =AVERAGE(L26,M26) -> 15 | R26: =AVERAGE(O26,P26,Q26) -> 40.833333 | S26: =AVERAGE(E26:M26) -> 56.666667 | T26: =_xlfn.STDEV.S(E26,F26,G26) -> 7.6376262 | U26: =_xlfn.STDEV.S(H26,I26) -> 14.142136 | V26: =_xlfn.STDEV.S(J26,K26) -> 10.606602 | W26: =_xlfn.STDEV.S(L26,M26) -> 7.0710678 | X26: =AVERAGE(U26,V26,W26) -> 10.606602 | Y26: =AVERAGE(T26:W26) -> 9.8643578 | Z26: =-10*LOG10(1/3*(($E26)^2+($F26)^2+($G26)^2)) -> -38.944084 | AA26: =-10*LOG10(1/9*(($E26)^2+($F26)^2+($G26)^2+($H26)^2+(I26)^2+($J26)^2+($K26)^2+($L26)^2+($M26)^2)) -> -36.133719 | AB26: =6/9 -> 0.66666667 | AC26: =RANK(R26,R$22:R$29,1) -> 6 | AD26: =RANK(S26,S$22:S$29,1) -> 6 | AE26: =RANK(X26,X$22:X$29,1) -> 4 | AF26: =RANK(Y26,Y$22:Y$29,1) -> 4 | AG26: =RANK(AA26,AA$22:AA$29,1) -> 3
A27: 17 | B27: 無 | C27: 有 | D27: 有 | E27: 20 | F27: 15 | G27: 40 | H27: 20 | I27: 40 | J27: 20 | K27: 40 | L27: 25 | M27: 15 | N27: =AVERAGE(E27,F27,G27) -> 25 | O27: =AVERAGE(H27,I27) -> 30 | P27: =AVERAGE(J27,K27) -> 30 | Q27: =AVERAGE(L27,M27) -> 20 | R27: =AVERAGE(O27,P27,Q27) -> 26.666667 | S27: =AVERAGE(E27:M27) -> 26.111111 | T27: =_xlfn.STDEV.S(E27,F27,G27) -> 13.228757 | U27: =_xlfn.STDEV.S(H27,I27) -> 14.142136 | V27: =_xlfn.STDEV.S(J27,K27) -> 14.142136 | W27: =_xlfn.STDEV.S(L27,M27) -> 7.0710678 | X27: =AVERAGE(U27,V27,W27) -> 11.785113 | Y27: =AVERAGE(T27:W27) -> 12.146024 | Z27: =-10*LOG10(1/3*(($E27)^2+($F27)^2+($G27)^2)) -> -28.702088 | AA27: =-10*LOG10(1/9*(($E27)^2+($F27)^2+($G27)^2+($H27)^2+(I27)^2+($J27)^2+($K27)^2+($L27)^2+($M27)^2)) -> -28.954839 | AB27: 1 | AC27: =RANK(R27,R$22:R$29,1) -> 4 | AD27: =RANK(S27,S$22:S$29,1) -> 3 | AE27: =RANK(X27,X$22:X$29,1) -> 6 | AF27: =RANK(Y27,Y$22:Y$29,1) -> 5 | AG27: =RANK(AA27,AA$22:AA$29,1) -> 6
A28: 27 | B28: 有 | C28: 無 | D28: 有 | E28: 60 | F28: 60 | G28: 65 | H28: 60 | I28: 70 | J28: 30 | K28: 10 | L28: 20 | M28: 2 | N28: =AVERAGE(E28,F28,G28) -> 61.666667 | O28: =AVERAGE(H28,I28) -> 65 | P28: =AVERAGE(J28,K28) -> 20 | Q28: =AVERAGE(L28,M28) -> 11 | R28: =AVERAGE(O28,P28,Q28) -> 32 | S28: =AVERAGE(E28:M28) -> 41.888889 | T28: =_xlfn.STDEV.S(E28,F28,G28) -> 2.8867513 | U28: =_xlfn.STDEV.S(H28,I28) -> 7.0710678 | V28: =_xlfn.STDEV.S(J28,K28) -> 14.142136 | W28: =_xlfn.STDEV.S(L28,M28) -> 12.727922 | X28: =AVERAGE(U28,V28,W28) -> 11.313708 | Y28: =AVERAGE(T28:W28) -> 9.2069692 | Z28: =-10*LOG10(1/3*(($E28)^2+($F28)^2+($G28)^2)) -> -35.80735 | AA28: =-10*LOG10(1/9*(($E28)^2+($F28)^2+($G28)^2+($H28)^2+(I28)^2+($J28)^2+($K28)^2+($L28)^2+($M28)^2)) -> -33.74728 | AB28: =4/9 -> 0.44444444 | AC28: =RANK(R28,R$22:R$29,1) -> 5 | AD28: =RANK(S28,S$22:S$29,1) -> 5 | AE28: =RANK(X28,X$22:X$29,1) -> 5 | AF28: =RANK(Y28,Y$22:Y$29,1) -> 3 | AG28: =RANK(AA28,AA$22:AA$29,1) -> 5
A29: 28 | B29: 有 | C29: 有 | D29: 有 | E29: 20 | F29: 30 | G29: 30 | H29: 30 | I29: 35 | J29: 30 | K29: 20 | L29: 5 | M29: 15 | N29: =AVERAGE(E29,F29,G29) -> 26.666667 | O29: =AVERAGE(H29,I29) -> 32.5 | P29: =AVERAGE(J29,K29) -> 25 | Q29: =AVERAGE(L29,M29) -> 10 | R29: =AVERAGE(O29,P29,Q29) -> 22.5 | S29: =AVERAGE(E29:M29) -> 23.888889 | T29: =_xlfn.STDEV.S(E29,F29,G29) -> 5.7735027 | U29: =_xlfn.STDEV.S(H29,I29) -> 3.5355339 | V29: =_xlfn.STDEV.S(J29,K29) -> 7.0710678 | W29: =_xlfn.STDEV.S(L29,M29) -> 7.0710678 | X29: =AVERAGE(U29,V29,W29) -> 5.8925565 | Y29: =AVERAGE(T29:W29) -> 5.8627931 | Z29: =-10*LOG10(1/3*(($E29)^2+($F29)^2+($G29)^2)) -> -28.653014 | AA29: =-10*LOG10(1/9*(($E29)^2+($F29)^2+($G29)^2+($H29)^2+(I29)^2+($J29)^2+($K29)^2+($L29)^2+($M29)^2)) -> -28.147654 | AB29: =8/9 -> 0.88888889 | AC29: =RANK(R29,R$22:R$29,1) -> 2 | AD29: =RANK(S29,S$22:S$29,1) -> 2 | AE29: =RANK(X29,X$22:X$29,1) -> 1 | AF29: =RANK(Y29,Y$22:Y$29,1) -> 1 | AG29: =RANK(AA29,AA$22:AA$29,1) -> 8

Sheet 第三階段全因子預測
K1: 平均 | N1: 標準差 | T1: 拉線長度據估表 | V1: 直線距離 | W1: 400 | X1: 450 | Y1: 500 | Z1: 550 | AA1: 600 | AK1: 直線距離 | AL1: 400 | AM1: 450 | AN1: 500 | AO1: 550 | AP1: 600
B2: 50g | E2: 100g | H2: 150g | K2: 負重50g | L2: 負重100g | M2: 負重150g | N2: 負重50g | O2: 負重100g | P2: 負重150g | V2: 50 | W2: 5.635 | X2: 6.876 | Y2: 7.822 | Z2: 8.619 | AA2: 9.32 | AB2: y = 5.7143x2 - 31.171x + 394.19 | AE2: x拉的長度，y移動距離 | AK2: 100 | AL2: 5 | AM2: 8 | AN2: 5 | AO2: 10 | AP2: 4
A3: 1 | V3: 100 | W3: 6.589 | X3: 7.79 | Y3: 8.745 | Z3: 9.563 | AA3: 10.29 | AB3: y = 4.9702x2 - 29.846x + 380.88 | AK3: 150 | AL3: 15 | AM3: 0 | AN3: 60 | AO3: 10 | AP3: 10
A4: 2 | V4: 150 | W4: 7.845 | X4: 8.84 | Y4: 9.669 | Z4: 10.393 | AA4: 11.046 | AB4: y = 5.5476x2 - 42.31x + 390.48 | AN4: 104
A5: 3 | W5: y = 0.0221x + 4.4797 | Y5: y = 0.0185x + 6.8983 | AA5: y = 0.0173x + 8.4927 | AN5: 10
A6: 4 | X6: y = 0.0196x + 5.8713 | Z6: y = 0.0177x + 7.751
A7: 5 | B7: 382 | C7: 395 | D7: 375 | K7: =AVERAGE(B7,C7,D7) -> 384 | N7: =_xlfn.STDEV.S(B7,C7,D7) -> 10.148892
A8: 6 | B8: 402 | C8: 411 | D8: 415 | E8: 385 | F8: 378 | G8: 367 | K8: =AVERAGE(B8,C8,D8) -> 409.33333 | L8: =AVERAGE(E8,F8,G8) -> 376.66667 | N8: =_xlfn.STDEV.S(B8,C8,D8) -> 6.6583281 | O8: =_xlfn.STDEV.S(E8,F8,G8) -> 9.0737717
A9: 7 | B9: 450 | C9: 465 | D9: 447 | E9: 430 | F9: 410 | G9: 421 | H9: 379 | I9: 367 | J9: 371 | K9: =AVERAGE(B9,C9,D9) -> 454 | L9: =AVERAGE(E9,F9,G9) -> 420.33333 | M9: =AVERAGE(H9,I9,J9) -> 372.33333 | N9: =_xlfn.STDEV.S(B9,C9,D9) -> 9.6436508 | O9: =_xlfn.STDEV.S(E9,F9,G9) -> 10.016653 | P9: =_xlfn.STDEV.S(H9,I9,J9) -> 6.1101009
A10: 8 | B10: 507 | C10: 508 | D10: 514 | E10: 463 | F10: 455 | G10: 478 | H10: 400 | I10: 404 | J10: 400 | K10: =AVERAGE(B10,C10,D10) -> 509.66667 | L10: =AVERAGE(E10,F10,G10) -> 465.33333 | M10: =AVERAGE(H10,I10,J10) -> 401.33333 | N10: =_xlfn.STDEV.S(B10,C10,D10) -> 3.7859389 | O10: =_xlfn.STDEV.S(E10,F10,G10) -> 11.676187 | P10: =_xlfn.STDEV.S(H10,I10,J10) -> 2.3094011
A11: 9 | B11: 586 | C11: 587 | D11: 580 | E11: 509 | F11: 502 | G11: 522 | H11: 440 | I11: 454 | J11: 466 | K11: =AVERAGE(B11,C11,D11) -> 584.33333 | L11: =AVERAGE(E11,F11,G11) -> 511 | M11: =AVERAGE(H11,I11,J11) -> 453.33333 | N11: =_xlfn.STDEV.S(B11,C11,D11) -> 3.7859389 | O11: =_xlfn.STDEV.S(E11,F11,G11) -> 10.148892 | P11: =_xlfn.STDEV.S(H11,I11,J11) -> 13.012814
A12: 10 | B12: 650 | C12: 644 | D12: 655 | E12: 576 | F12: 569 | G12: 573 | H12: 516 | I12: 510 | J12: 509 | K12: =AVERAGE(B12,C12,D12) -> 649.66667 | L12: =AVERAGE(E12,F12,G12) -> 572.66667 | M12: =AVERAGE(H12,I12,J12) -> 511.66667 | N12: =_xlfn.STDEV.S(B12,C12,D12) -> 5.5075705 | O12: =_xlfn.STDEV.S(E12,F12,G12) -> 3.5118846 | P12: =_xlfn.STDEV.S(H12,I12,J12) -> 3.7859389
A13: 11 | E13: 662 | F13: 654 | G13: 660 | H13: 630 | I13: 616 | J13: 633 | L13: =AVERAGE(E13,F13,G13) -> 658.66667 | M13: =AVERAGE(H13,I13,J13) -> 626.33333 | O13: =_xlfn.STDEV.S(E13,F13,G13) -> 4.163332 | P13: =_xlfn.STDEV.S(H13,I13,J13) -> 9.0737717
A14: 12 | H14: 676 | I14: 669 | J14: 657 | M14: =AVERAGE(H14,I14,J14) -> 667.33333 | P14: =_xlfn.STDEV.S(H14,I14,J14) -> 9.6090235
A16: 負重 | B16: 1 | C16: 2 | D16: 3 | E16: 4 | F16: 5 | G16: 6 | H16: 7 | I16: 8 | J16: 9 | K16: 10 | L16: 11 | M16: 12
A17: 50 | F17: 384 | G17: 409.33333 | H17: 454 | I17: 509.66667 | J17: 584.33333 | K17: 649.66667 | N17: y = 5.7143x2 - 31.171x + 394.19
A18: 100 | G18: 376.66667 | H18: 420.33333 | I18: 465.33333 | J18: 511 | K18: 572.66667 | L18: 658.66667 | N18: y = 4.9702x2 - 29.846x + 380.88
A19: 150 | H19: 372.33333 | I19: 401.33333 | J19: 453.33333 | K19: 511.66667 | L19: 626.33333 | M19: 667.33333 | N19: y = 5.5476x2 - 42.31x + 390.48
B22: (點下面這三個觀看單獨數據或全選)
A62: (舊地版的數據)
I63: 平均 | L63: 標準差
A64: 拉線長度 | C64: 負重50g | E64: 負重100g | G64: 負重150g | I64: 負重50g | J64: 負重100g | K64: 負重150g | L64: 負重50g | M64: 負重100g | N64: 負重150g
C65: Y1 | D65: Y2 | E65: Y3 | F65: Y4 | G65: Y5 | H65: Y6
A66: 6 | C66: 350 | D66: 310 | I66: =AVERAGE(C66,D66) -> 330 | L66: =_xlfn.STDEV.S(C66,D66) -> 28.284271
A67: 7 | C67: 385 | D67: 350 | I67: =AVERAGE(C67,D67) -> 367.5 | L67: =_xlfn.STDEV.S(C67,D67) -> 24.748737
A68: 8 | B68: 2 | C68: 385 | D68: 401 | E68: 360 | F68: 360 | G68: 340 | H68: 345 | I68: =AVERAGE(C68,D68) -> 393 | J68: =AVERAGE(E68,F68) -> 360 | K68: =AVERAGE(G68,H68) -> 342.5 | L68: =_xlfn.STDEV.S(C68,D68) -> 11.313708 | M68: =_xlfn.STDEV.S(E68,F68) -> 0 | N68: =_xlfn.STDEV.S(G68,H68) -> 3.5355339
A69: 9 | B69: 3 | C69: 435 | D69: 380 | E69: 410 | F69: 425 | G69: 410 | H69: 430 | I69: =AVERAGE(C69,D69) -> 407.5 | J69: =AVERAGE(E69,F69) -> 417.5 | K69: =AVERAGE(G69,H69) -> 420 | L69: =_xlfn.STDEV.S(C69,D69) -> 38.890873 | M69: =_xlfn.STDEV.S(E69,F69) -> 10.606602 | N69: =_xlfn.STDEV.S(G69,H69) -> 14.142136
A70: 10 | B70: 4 | C70: 528 | D70: 520 | E70: 500 | F70: 495 | G70: 450 | H70: 460 | I70: =AVERAGE(C70,D70) -> 524 | J70: =AVERAGE(E70,F70) -> 497.5 | K70: =AVERAGE(G70,H70) -> 455 | L70: =_xlfn.STDEV.S(C70,D70) -> 5.6568542 | M70: =_xlfn.STDEV.S(E70,F70) -> 3.5355339 | N70: =_xlfn.STDEV.S(G70,H70) -> 7.0710678
A71: 11 | B71: 5 | C71: 560 | D71: 535 | E71: 545 | F71: 540 | G71: 485 | H71: 510 | I71: =AVERAGE(C71,D71) -> 547.5 | J71: =AVERAGE(E71,F71) -> 542.5 | K71: =AVERAGE(G71,H71) -> 497.5 | L71: =_xlfn.STDEV.S(C71,D71) -> 17.67767 | M71: =_xlfn.STDEV.S(E71,F71) -> 3.5355339 | N71: =_xlfn.STDEV.S(G71,H71) -> 17.67767
A72: 12 | B72: 6 | C72: 585 | D72: 570 | E72: 560 | F72: 582 | G72: 565 | H72: 580 | I72: =AVERAGE(C72,D72) -> 577.5 | J72: =AVERAGE(E72,F72) -> 571 | K72: =AVERAGE(G72,H72) -> 572.5 | L72: =_xlfn.STDEV.S(C72,D72) -> 10.606602 | M72: =_xlfn.STDEV.S(E72,F72) -> 15.556349 | N72: =_xlfn.STDEV.S(G72,H72) -> 10.606602
A73: 13 | B73: 7 | C73: 645 | D73: 670 | E73: 620 | F73: 605 | G73: 645 | H73: 590 | I73: =AVERAGE(C73,D73) -> 657.5 | J73: =AVERAGE(E73,F73) -> 612.5 | K73: =AVERAGE(G73,H73) -> 617.5 | L73: =_xlfn.STDEV.S(C73,D73) -> 17.67767 | M73: =_xlfn.STDEV.S(E73,F73) -> 10.606602 | N73: =_xlfn.STDEV.S(G73,H73) -> 38.890873
A74: 14 | B74: 8 | G74: 620 | H74: 645 | K74: =AVERAGE(G74,H74) -> 632.5 | N74: =_xlfn.STDEV.S(G74,H74) -> 17.67767
A75: 15 | B75: 9 | K75: 標準差平均 | L75: =AVERAGE(L66:L73) -> 19.357048 | M75: =AVERAGE(M68:M73) -> 7.3067701 | N75: =AVERAGE(N68:N74) -> 15.657364
A76: 16 | B76: 10

Sheet 剖析圖表
A1: 列標籤 | B1: 平均值 - 全部平均值
A2: 1 | B2: 590.18889
A3: 2 | B3: 479.05556
A4: 3 | B4: 498.22222
A5: 4 | B5: 572.33333
A6: 5 | B6: 499.77778
A7: 6 | B7: 612.94444
A8: 7 | B8: 529.88889
A9: 8 | B9: 640.16667
A10: 9 | B10: 656.88889
A11: 10 | B11: 757.55556
A12: 11 | B12: 878.38889
A13: 12 | B13: 723.44444
... A21: 28 | B21: 749.33333
A22: 總計 | B22: 677.93722
A29: 列標籤 | B29: 平均值 - 全部標準差平均
A30: 10 | B30: 22.470141
A31: 12 | B31: 57.035414
A32: 14 | B32: 96.121995
A33: 16 | B33: 52.621459
A34: 總計 | B34: 57.062252

Sheet original data
A1: 利用齒輪傳動(L16) | C1: level1 | D1: level2 | H1: level1 | I1: level2 | L1: 兩個齒輪後輪會是驅動輪
A2: 1 | B2: 傳動比 | C2: 1:1 | D2: 1:2 | F2: 1 | G2: =B2 -> 傳動比 | H2: =C2 -> 1:1 | I2: =D2 -> 1:2
A3: 2 | B3: 齒輪單雙側傳動給輪子 | C3: 雙 | D3: 單 | F3: 2 | G3: =B3 -> 齒輪單雙側傳動給輪子 | H3: =C3 -> 雙 | I3: =D3 -> 單
A4: 4 | B4: 齒輪數量 | C4: 3個(前驅) | D4: 2個(後驅) | F4: 3(1+2) | G4: ="<"&B2&">和<"&B3&">交互關係" -> <傳動比>和<齒輪單雙側傳動給輪子>交互關係
A5: 8 | B5: 輪子數 | C5: 4輪 | D5: 3輪 | F5: 4 | G5: =B4 -> 齒輪數量 | H5: =C4 -> 3個(前驅) | I5: =D4 -> 2個(後驅)
A6: 15 | B6: 輪子厚度 | C6: 單(3.5mm) | D6: 雙(7mm) | F6: 5(1+4) | G6: ="<"&B2&">和<"&B4&">交互關係" -> <傳動比>和<齒輪數量>交互關係
A7: 10 | B7: 前輪直徑 | C7: 大(45mm) | D7: 小(35mm) | F7: 6(2+4) | G7: ="<"&B3&">和<"&B4&">交互關係" -> <齒輪單雙側傳動給輪子>和<齒輪數量>交互關係
A8: 12 | B8: 後輪直徑 | C8: 大(45mm) | D8: 小(35mm) | F8: 7(8+15) | G8: ="<"&B5&">和<"&B6&">交互關係" -> <輪子數>和<輪子厚度>交互關係
F9: 8 | G9: =B5 -> 輪子數 | H9: =C5 -> 4輪 | I9: =D5 -> 3輪
F10: 9(1+8) | G10: ="<"&B2&">和<"&B5&">交互關係" -> <傳動比>和<輪子數>交互關係
F11: 10 | G11: =B7 -> 前輪直徑 | H11: =C7 -> 大(45mm) | I11: =D7 -> 小(35mm)
F12: 11(1+10) | G12: ="<"&B2&">和<"&B7&">交互關係" -> <傳動比>和<前輪直徑>交互關係
F13: 12 | G13: =B8 -> 後輪直徑 | H13: =C8 -> 大(45mm) | I13: =D8 -> 小(35mm)
F14: 13(1+12) | G14: ="<"&B2&">和<"&B8&">交互關係" -> <傳動比>和<後輪直徑>交互關係
F15: 14(1+15) | G15: ="<"&B2&">和<"&B6&">交互關係" -> <傳動比>和<輪子厚度>交互關係
F16: 15 | G16: =B6 -> 輪子厚度 | H16: =C6 -> 單(3.5mm) | I16: =D6 -> 雙(7mm) | L16: .
A18: Orthogonal array(L16)
A19: 測試組合 | B19: 1 | C19: 2 | D19: 3 | E19: 4 | F19: 5 | G19: 6 | H19: 7 | I19: 8 | J19: 9 | K19: 10 | L19: 11 | M19: 12 | N19: 13 | O19: 14 | P19: 15
A20: 1 | B20: 1 | C20: 1 | D20: 1 | E20: 1 | F20: 1 | G20: 1 | H20: 1 | I20: 1 | J20: 1 | K20: 1 | L20: 1 | M20: 1 | N20: 1 | O20: 1 | P20: 1
A21: 2 | B21: 1 | C21: 1 | D21: 1 | E21: 1 | F21: 1 | G21: 1 | H21: 1 | I21: 2 | J21: 2 | K21: 2 | L21: 2 | M21: 2 | N21: 2 | O21: 2 | P21: 2
A22: 3 | B22: 1 | C22: 1 | D22: 1 | E22: 2 | F22: 2 | G22: 2 | H22: 2 | I22: 1 | J22: 1 | K22: 1 | L22: 1 | M22: 2 | N22: 2 | O22: 2 | P22: 2
A23: 4 | B23: 1 | C23: 1 | D23: 1 | E23: 2 | F23: 2 | G23: 2 | H23: 2 | I23: 2 | J23: 2 | K23: 2 | L23: 2 | M23: 1 | N23: 1 | O23: 1 | P23: 1
A24: 5 | B24: 1 | C24: 2 | D24: 2 | E24: 1 | F24: 1 | G24: 2 | H24: 2 | I24: 1 | J24: 1 | K24: 2 | L24: 2 | M24: 1 | N24: 1 | O24: 2 | P24: 2
A25: 6 | B25: 1 | C25: 2 | D25: 2 | E25: 1 | F25: 1 | G25: 2 | H25: 2 | I25: 2 | J25: 2 | K25: 1 | L25: 1 | M25: 2 | N25: 2 | O25: 1 | P25: 1
A26: 7 | B26: 1 | C26: 2 | D26: 2 | E26: 2 | F26: 2 | G26: 1 | H26: 1 | I26: 1 | J26: 1 | K26: 2 | L26: 2 | M26: 2 | N26: 2 | O26: 1 | P26: 1
A27: 8 | B27: 1 | C27: 2 | D27: 2 | E27: 2 | F27: 2 | G27: 1 | H27: 1 | I27: 2 | J27: 2 | K27: 1 | L27: 1 | M27: 1 | N27: 1 | O27: 2 | P27: 2
A28: 9 | B28: 2 | C28: 1 | D28: 2 | E28: 1 | F28: 2 | G28: 1 | H28: 2 | I28: 1 | J28: 2 | K28: 1 | L28: 2 | M28: 1 | N28: 2 | O28: 1 | P28: 2
A29: 10 | B29: 2 | C29: 1 | D29: 2 | E29: 1 | F29: 2 | G29: 1 | H29: 2 | I29: 2 | J29: 1 | K29: 2 | L29: 1 | M29: 2 | N29: 1 | O29: 2 | P29: 1
A30: 11 | B30: 2 | C30: 1 | D30: 2 | E30: 2 | F30: 1 | G30: 2 | H30: 1 | I30: 1 | J30: 2 | K30: 1 | L30: 2 | M30: 2 | N30: 1 | O30: 2 | P30: 1
A31: 12 | B31: 2 | C31: 1 | D31: 2 | E31: 2 | F31: 1 | G31: 2 | H31: 1 | I31: 2 | J31: 1 | K31: 2 | L31: 1 | M31: 1 | N31: 2 | O31: 1 | P31: 2
... A35: 16 | B35: 2 | C35: 2 | D35: 1 | E35: 2 | F35: 1 | G35: 1 | H35: 2 | I35: 2 | J35: 1 | K35: 1 | L35: 2 | M35: 1 | N35: 2 | O35: 2 | P35: 1
A36: 最佳組合 | B36: 2 | C36: 2 | E36: 2 | I36: 1 | K36: 1 | M36: 1 | P36: 1
A40: 含齒輪 | B40: 變因 | Q40: 測試結果(車子跑動距離)(紅字表示彈簧繩未完全收起) | Y40: 結果平均
A41: 測試組合 | B41: =F2 -> 1 | C41: =F3 -> 2 | D41: =F4 -> 3(1+2) | E41: =F5 -> 4 | F41: =F6 -> 5(1+4) | G41: =F7 -> 6(2+4) | H41: =F8 -> 7(8+15) | I41: =F9 -> 8 | J41: =F10 -> 9(1+8) | K41: =F11 -> 10 | L41: =F12 -> 11(1+10) | M41: =F13 -> 12 | N41: =F14 -> 13(1+12) | O41: =F15 -> 14(1+15) | P41: =F16 -> 15 | Q41: Y1 | R41: Y2 | S41: Y3 | T41: Y4 | U41: Y5 | V41: Y6 | W41: Y7 | X41: Y8
B42: =G2 -> 傳動比 | C42: =G3 -> 齒輪單雙側傳動給輪子 | D42: =G4 -> <傳動比>和<齒輪單雙側傳動給輪子>交互關係 | E42: =G5 -> 齒輪數量 | F42: =G6 -> <傳動比>和<齒輪數量>交互關係 | G42: =G7 -> <齒輪單雙側傳動給輪子>和<齒輪數量>交互關係 | H42: =G8 -> <輪子數>和<輪子厚度>交互關係 | I42: =G9 -> 輪子數 | J42: =G10 -> <傳動比>和<輪子數>交互關係 | K42: =G11 -> 前輪直徑 | L42: =G12 -> <傳動比>和<前輪直徑>交互關係 | M42: =G13 -> 後輪直徑 | N42: =G14 -> <傳動比>和<後輪直徑>交互關係 | O42: =G15 -> <傳動比>和<輪子厚度>交互關係 | P42: =G16 -> 輪子厚度 | Q42: 負重0g | S42: 負重50g | U42: 負重100g | W42: 負重150g | Y42: =Q42 -> 負重0g | Z42: =S42 -> 負重50g | AA42: =U42 -> 負重100g | AB42: =W42 -> 負重150g | AC42: 總平均 | AD42: 負重0g第三次測試
A43: 1 | B43: =IF(B20=1,H$2,I$2) -> 1:1 | C43: =IF(C20=1,H$3,I$3) -> 雙 | D43: =IF(D20=1,H$4,I$4) -> 0 | E43: =IF(E20=1,$H$5,$I$5) -> 3個(前驅) | F43: =IF(F20=1,$H$6,$I$6) -> 0 | G43: =IF(G20=1,$H$7,$I$7) -> 0 | H43: =IF(H20=1,$H$8,$I$8) -> 0 | I43: =IF(I20=1,$H$9,$I$9) -> 4輪 | J43: =IF(J20=1,$H$10,$I$10) -> 0 | K43: =IF(K20=1,$H$11,$I$11) -> 大(45mm) | L43: =IF(L20=1,$H$12,$I$12) -> 0 | M43: =IF(M20=1,$H$13,$I$13) -> 大(45mm) | N43: =IF(N20=1,$H$14,$I$14) -> 0 | O43: =IF(O20=1,$H$15,$I$15) -> 0 | P43: =IF(P20=1,$H$16,$I$16) -> 單(3.5mm) | Q43: 732 | R43: 716 | S43: 557 | T43: 596 | U43: 562.2 | V43: 500 | W43: 526.5 | X43: 490 | Y43: =AVERAGE(Q43,R43,AD43) -> 693.33333 | Z43: =AVERAGE(S43:T43) -> 576.5 | AA43: =AVERAGE(U43:V43) -> 531.1 | AB43: =AVERAGE(W43:X43) -> 508.25 | AC43: =AVERAGE(Q43:X43) -> 584.9625 | AD43: 632 | AE43: 前一天測試
A44: 2 | B44: =IF(B21=1,H$2,I$2) -> 1:1 | C44: =IF(C21=1,H$3,I$3) -> 雙 | D44: =IF(C21=1,H$4,I$4) -> 0 | E44: =IF(E21=1,$H$5,$I$5) -> 3個(前驅) | F44: =IF(F21=1,$H$6,$I$6) -> 0 | G44: =IF(G21=1,$H$7,$I$7) -> 0 | H44: =IF(H21=1,$H$8,$I$8) -> 0 | I44: =IF(I21=1,$H$9,$I$9) -> 3輪 | J44: =IF(J21=1,$H$10,$I$10) -> 0 | K44: =IF(K21=1,$H$11,$I$11) -> 小(35mm) | L44: =IF(L21=1,$H$12,$I$12) -> 0 | M44: =IF(M21=1,$H$13,$I$13) -> 小(35mm) | N44: =IF(N21=1,$H$14,$I$14) -> 0 | O44: =IF(O21=1,$H$15,$I$15) -> 0 | P44: =IF(P21=1,$H$16,$I$16) -> 雙(7mm) | Q44: 499 | R44: 536.5 | S44: 540 | T44: 499 | U44: 481.5 | V44: 489 | W44: 343 | X44: 417 | Y44: =AVERAGE(Q44,R44,AD44) -> 514 | Z44: =AVERAGE(S44:T44) -> 519.5 | AA44: =AVERAGE(U44:V44) -> 485.25 | AB44: =AVERAGE(W44:X44) -> 380 | AC44: =AVERAGE(Q44:X44) -> 475.625 | AD44: 506.5
A45: 3 | B45: =IF(B22=1,H$2,I$2) -> 1:1 | C45: =IF(C22=1,H$3,I$3) -> 雙 | D45: =IF(C22=1,H$4,I$4) -> 0 | E45: =IF(E22=1,$H$5,$I$5) -> 2個(後驅) | F45: =IF(F22=1,$H$6,$I$6) -> 0 | G45: =IF(G22=1,$H$7,$I$7) -> 0 | H45: =IF(H22=1,$H$8,$I$8) -> 0 | I45: =IF(I22=1,$H$9,$I$9) -> 4輪 | J45: =IF(J22=1,$H$10,$I$10) -> 0 | K45: =IF(K22=1,$H$11,$I$11) -> 大(45mm) | L45: =IF(L22=1,$H$12,$I$12) -> 0 | M45: =IF(M22=1,$H$13,$I$13) -> 小(35mm) | N45: =IF(N22=1,$H$14,$I$14) -> 0 | O45: =IF(O22=1,$H$15,$I$15) -> 0 | P45: =IF(P22=1,$H$16,$I$16) -> 雙(7mm) | Q45: 562 | R45: 563.5 | S45: 458 | T45: 458.5 | U45: 531 | V45: 484 | W45: 495 | X45: 430 | Y45: =AVERAGE(Q45,R45,AD45) -> 542.5 | Z45: =AVERAGE(S45:T45) -> 458.25 | AA45: =AVERAGE(U45:V45) -> 507.5 | AB45: =AVERAGE(W45:X45) -> 462.5 | AC45: =AVERAGE(Q45:X45) -> 497.75 | AD45: 502
A46: 4 | B46: =IF(B23=1,H$2,I$2) -> 1:1 | C46: =IF(C23=1,H$3,I$3) -> 雙 | D46: =IF(C23=1,H$4,I$4) -> 0 | E46: =IF(E23=1,$H$5,$I$5) -> 2個(後驅) | F46: =IF(F23=1,$H$6,$I$6) -> 0 | G46: =IF(G23=1,$H$7,$I$7) -> 0 | H46: =IF(H23=1,$H$8,$I$8) -> 0 | I46: =IF(I23=1,$H$9,$I$9) -> 3輪 | J46: =IF(J23=1,$H$10,$I$10) -> 0 | K46: =IF(K23=1,$H$11,$I$11) -> 小(35mm) | L46: =IF(L23=1,$H$12,$I$12) -> 0 | M46: =IF(M23=1,$H$13,$I$13) -> 大(45mm) | N46: =IF(N23=1,$H$14,$I$14) -> 0 | O46: =IF(O23=1,$H$15,$I$15) -> 0 | P46: =IF(P23=1,$H$16,$I$16) -> 單(3.5mm) | Q46: 756 | R46: 668 | S46: 565 | T46: 572 | U46: 508 | V46: 503.5 | W46: 489 | X46: 387 | Y46: =AVERAGE(Q46,R46,AD46) -> 708.83333 | Z46: =AVERAGE(S46:T46) -> 568.5 | AA46: =AVERAGE(U46:V46) -> 505.75 | AB46: =AVERAGE(W46:X46) -> 438 | AC46: =AVERAGE(Q46:X46) -> 556.0625 | AD46: 702.5
A47: 5 | B47: =IF(B24=1,H$2,I$2) -> 1:1 | C47: =IF(C24=1,H$3,I$3) -> 單 | D47: =IF(C24=1,H$4,I$4) -> 0 | E47: =IF(E24=1,$H$5,$I$5) -> 3個(前驅) | F47: =IF(F24=1,$H$6,$I$6) -> 0 | G47: =IF(G24=1,$H$7,$I$7) -> 0 | H47: =IF(H24=1,$H$8,$I$8) -> 0 | I47: =IF(I24=1,$H$9,$I$9) -> 4輪 | J47: =IF(J24=1,$H$10,$I$10) -> 0 | K47: =IF(K24=1,$H$11,$I$11) -> 小(35mm) | L47: =IF(L24=1,$H$12,$I$12) -> 0 | M47: =IF(M24=1,$H$13,$I$13) -> 大(45mm) | N47: =IF(N24=1,$H$14,$I$14) -> 0 | O47: =IF(O24=1,$H$15,$I$15) -> 0 | P47: =IF(P24=1,$H$16,$I$16) -> 雙(7mm) | Q47: 627 | R47: 586 | S47: 487 | T47: 531 | U47: 463 | V47: 431 | W47: 382 | X47: 391 | Y47: =AVERAGE(Q47,R47,AD47) -> 604.33333 | Z47: =AVERAGE(S47:T47) -> 509 | AA47: =AVERAGE(U47:V47) -> 447 | AB47: =AVERAGE(W47:X47) -> 386.5 | AC47: =AVERAGE(Q47:X47) -> 487.25 | AD47: 600
A48: 6 | B48: =IF(B25=1,H$2,I$2) -> 1:1 | C48: =IF(C25=1,H$3,I$3) -> 單 | D48: =IF(C25=1,H$4,I$4) -> 0 | E48: =IF(E25=1,$H$5,$I$5) -> 3個(前驅) | F48: =IF(F25=1,$H$6,$I$6) -> 0 | G48: =IF(G25=1,$H$7,$I$7) -> 0 | H48: =IF(H25=1,$H$8,$I$8) -> 0 | I48: =IF(I25=1,$H$9,$I$9) -> 3輪 | J48: =IF(J25=1,$H$10,$I$10) -> 0 | K48: =IF(K25=1,$H$11,$I$11) -> 大(45mm) | L48: =IF(L25=1,$H$12,$I$12) -> 0 | M48: =IF(M25=1,$H$13,$I$13) -> 小(35mm) | N48: =IF(N25=1,$H$14,$I$14) -> 0 | O48: =IF(O25=1,$H$15,$I$15) -> 0 | P48: =IF(P25=1,$H$16,$I$16) -> 單(3.5mm) | Q48: 756 | R48: 728 | S48: 625 | T48: 723 | U48: 570.5 | V48: 583 | W48: 505 | X48: 503 | Y48: =AVERAGE(Q48,R48,AD48) -> 734.66667 | Z48: =AVERAGE(S48:T48) -> 674 | AA48: =AVERAGE(U48:V48) -> 576.75 | AB48: =AVERAGE(W48:X48) -> 504 | AC48: =AVERAGE(Q48:X48) -> 624.1875 | AD48: 720 | AE48: 空車特別歪
A49: 7 | B49: =IF(B26=1,H$2,I$2) -> 1:1 | C49: =IF(C26=1,H$3,I$3) -> 單 | D49: =IF(C26=1,H$4,I$4) -> 0 | E49: =IF(E26=1,$H$5,$I$5) -> 2個(後驅) | F49: =IF(F26=1,$H$6,$I$6) -> 0 | G49: =IF(G26=1,$H$7,$I$7) -> 0 | H49: =IF(H26=1,$H$8,$I$8) -> 0 | I49: =IF(I26=1,$H$9,$I$9) -> 4輪 | J49: =IF(J26=1,$H$10,$I$10) -> 0 | K49: =IF(K26=1,$H$11,$I$11) -> 小(35mm) | L49: =IF(L26=1,$H$12,$I$12) -> 0 | M49: =IF(M26=1,$H$13,$I$13) -> 小(35mm) | N49: =IF(N26=1,$H$14,$I$14) -> 0 | O49: =IF(O26=1,$H$15,$I$15) -> 0 | P49: =IF(P26=1,$H$16,$I$16) -> 單(3.5mm) | Q49: 591 | R49: 599.5 | S49: 529 | T49: 495 | U49: 523 | V49: 501 | W49: 456.5 | X49: 491 | Y49: =AVERAGE(Q49,R49,AD49) -> 591.16667 | Z49: =AVERAGE(S49:T49) -> 512 | AA49: =AVERAGE(U49:V49) -> 512 | AB49: =AVERAGE(W49:X49) -> 473.75 | AC49: =AVERAGE(Q49:X49) -> 523.25 | AD49: 583
A50: 8 | B50: =IF(B27=1,H$2,I$2) -> 1:1 | C50: =IF(C27=1,H$3,I$3) -> 單 | D50: =IF(C27=1,H$4,I$4) -> 0 | E50: =IF(E27=1,$H$5,$I$5) -> 2個(後驅) | F50: =IF(F27=1,$H$6,$I$6) -> 0 | G50: =IF(G27=1,$H$7,$I$7) -> 0 | H50: =IF(H27=1,$H$8,$I$8) -> 0 | I50: =IF(I27=1,$H$9,$I$9) -> 3輪 | J50: =IF(J27=1,$H$10,$I$10) -> 0 | K50: =IF(K27=1,$H$11,$I$11) -> 大(45mm) | L50: =IF(L27=1,$H$12,$I$12) -> 0 | M50: =IF(M27=1,$H$13,$I$13) -> 大(45mm) | N50: =IF(N27=1,$H$14,$I$14) -> 0 | O50: =IF(O27=1,$H$15,$I$15) -> 0 | P50: =IF(P27=1,$H$16,$I$16) -> 雙(7mm) | Q50: 762 | R50: 772 | S50: 634 | T50: 632 | U50: 577 | V50: 577.5 | W50: 511.5 | X50: 552.5 | Y50: =AVERAGE(Q50,R50,AD50) -> 759 | Z50: =AVERAGE(S50:T50) -> 633 | AA50: =AVERAGE(U50:V50) -> 577.25 | AB50: =AVERAGE(W50:X50) -> 532 | AC50: =AVERAGE(Q50:X50) -> 627.3125 | AD50: 743
A51: 9 | B51: =IF(B28=1,H$2,I$2) -> 1:2 | C51: =IF(C28=1,H$3,I$3) -> 雙 | D51: =IF(C28=1,H$4,I$4) -> 0 | E51: =IF(E28=1,$H$5,$I$5) -> 3個(前驅) | F51: =IF(F28=1,$H$6,$I$6) -> 0 | G51: =IF(G28=1,$H$7,$I$7) -> 0 | H51: =IF(H28=1,$H$8,$I$8) -> 0 | I51: =IF(I28=1,$H$9,$I$9) -> 4輪 | J51: =IF(J28=1,$H$10,$I$10) -> 0 | K51: =IF(K28=1,$H$11,$I$11) -> 大(45mm) | L51: =IF(L28=1,$H$12,$I$12) -> 0 | M51: =IF(M28=1,$H$13,$I$13) -> 大(45mm) | N51: =IF(N28=1,$H$14,$I$14) -> 0 | O51: =IF(O28=1,$H$15,$I$15) -> 0 | P51: =IF(P28=1,$H$16,$I$16) -> 雙(7mm) | Q51: 773 | R51: 834 | S51: 675 | T51: 641 | U51: 611 | V51: 520 | W51: 514 | X51: 486 | Y51: =AVERAGE(Q51,R51,AD51) -> 821.66667 | Z51: =AVERAGE(S51:T51) -> 658 | AA51: =AVERAGE(U51:V51) -> 565.5 | AB51: =AVERAGE(W51:X51) -> 500 | AC51: =AVERAGE(Q51:X51) -> 631.75 | AD51: 858
A52: 10 | B52: =IF(B29=1,H$2,I$2) -> 1:2 | C52: =IF(C29=1,H$3,I$3) -> 雙 | D52: =IF(C29=1,H$4,I$4) -> 0 | E52: =IF(E29=1,$H$5,$I$5) -> 3個(前驅) | F52: =IF(F29=1,$H$6,$I$6) -> 0 | G52: =IF(G29=1,$H$7,$I$7) -> 0 | H52: =IF(H29=1,$H$8,$I$8) -> 0 | I52: =IF(I29=1,$H$9,$I$9) -> 3輪 | J52: =IF(J29=1,$H$10,$I$10) -> 0 | K52: =IF(K29=1,$H$11,$I$11) -> 小(35mm) | L52: =IF(L29=1,$H$12,$I$12) -> 0 | M52: =IF(M29=1,$H$13,$I$13) -> 小(35mm) | N52: =IF(N29=1,$H$14,$I$14) -> 0 | O52: =IF(O29=1,$H$15,$I$15) -> 0 | P52: =IF(P29=1,$H$16,$I$16) -> 單(3.5mm) | Q52: 1088 | R52: 983 | S52: 967 | T52: 943.5 | U52: 578 | V52: 572 | W52: 328 | X52: 348.5 | Y52: =AVERAGE(Q52,R52,AD52) -> 1027 | Z52: =AVERAGE(S52:T52) -> 955.25 | AA52: =AVERAGE(U52:V52) -> 575 | AB52: =AVERAGE(W52:X52) -> 338.25 | AC52: =AVERAGE(Q52:X52) -> 726 | AD52: 1010 | AE52: 後輪單輪
A53: 11 | B53: =IF(B30=1,H$2,I$2) -> 1:2 | C53: =IF(C30=1,H$3,I$3) -> 雙 | D53: =IF(C30=1,H$4,I$4) -> 0 | E53: =IF(E30=1,$H$5,$I$5) -> 2個(後驅) | F53: =IF(F30=1,$H$6,$I$6) -> 0 | G53: =IF(G30=1,$H$7,$I$7) -> 0 | H53: =IF(H30=1,$H$8,$I$8) -> 0 | I53: =IF(I30=1,$H$9,$I$9) -> 4輪 | J53: =IF(J30=1,$H$10,$I$10) -> 0 | K53: =IF(K30=1,$H$11,$I$11) -> 大(45mm) | L53: =IF(L30=1,$H$12,$I$12) -> 0 | M53: =IF(M30=1,$H$13,$I$13) -> 小(35mm) | N53: =IF(N30=1,$H$14,$I$14) -> 0 | O53: =IF(O30=1,$H$15,$I$15) -> 0 | P53: =IF(P30=1,$H$16,$I$16) -> 單(3.5mm) | Q53: 1006 | R53: 1124 | S53: 1005 | T53: 991 | U53: 810 | V53: 623 | W53: 596.5 | X53: 618 | Y53: =AVERAGE(Q53,R53,AD53) -> 1087.3333 | Z53: =AVERAGE(S53:T53) -> 998 | AA53: =AVERAGE(U53:V53) -> 716.5 | AB53: =AVERAGE(W53:X53) -> 607.25 | AC53: =AVERAGE(Q53:X53) -> 846.6875 | AD53: 1132
A54: 12 | B54: =IF(B31=1,H$2,I$2) -> 1:2 | C54: =IF(C31=1,H$3,I$3) -> 雙 | D54: =IF(C31=1,H$4,I$4) -> 0 | E54: =IF(E31=1,$H$5,$I$5) -> 2個(後驅) | F54: =IF(F31=1,$H$6,$I$6) -> 0 | G54: =IF(G31=1,$H$7,$I$7) -> 0 | H54: =IF(H31=1,$H$8,$I$8) -> 0 | I54: =IF(I31=1,$H$9,$I$9) -> 3輪 | J54: =IF(J31=1,$H$10,$I$10) -> 0 | K54: =IF(K31=1,$H$11,$I$11) -> 小(35mm) | L54: =IF(L31=1,$H$12,$I$12) -> 0 | M54: =IF(M31=1,$H$13,$I$13) -> 大(45mm) | N54: =IF(N31=1,$H$14,$I$14) -> 0 | O54: =IF(O31=1,$H$15,$I$15) -> 0 | P54: =IF(P31=1,$H$16,$I$16) -> 雙(7mm) | Q54: 1337 | R54: 1295 | S54: 497 | T54: 528 | U54: 475 | V54: 467 | W54: 454 | X54: 469 | Y54: =AVERAGE(Q54,R54,AD54) -> 1207 | Z54: =AVERAGE(S54:T54) -> 512.5 | AA54: =AVERAGE(U54:V54) -> 471 | AB54: =AVERAGE(W54:X54) -> 461.5 | AC54: =AVERAGE(Q54:X54) -> 690.25 | AD54: 989
A55: 13 | B55: =IF(B32=1,H$2,I$2) -> 1:2 | C55: =IF(C32=1,H$3,I$3) -> 單 | D55: =IF(C32=1,H$4,I$4) -> 0 | E55: =IF(E32=1,$H$5,$I$5) -> 3個(前驅) | F55: =IF(F32=1,$H$6,$I$6) -> 0 | G55: =IF(G32=1,$H$7,$I$7) -> 0 | H55: =IF(H32=1,$H$8,$I$8) -> 0 | I55: =IF(I32=1,$H$9,$I$9) -> 4輪 | J55: =IF(J32=1,$H$10,$I$10) -> 0 | K55: =IF(K32=1,$H$11,$I$11) -> 小(35mm) | L55: =IF(L32=1,$H$12,$I$12) -> 0 | M55: =IF(M32=1,$H$13,$I$13) -> 大(45mm) | N55: =IF(N32=1,$H$14,$I$14) -> 0 | O55: =IF(O32=1,$H$15,$I$15) -> 0 | P55: =IF(P32=1,$H$16,$I$16) -> 單(3.5mm) | Q55: 763 | R55: 817 | S55: 594.5 | T55: 622 | U55: 549 | V55: 553 | W55: 480 | X55: 520 | Y55: =AVERAGE(Q55,R55,AD55) -> 790 | Z55: =AVERAGE(S55:T55) -> 608.25 | AA55: =AVERAGE(U55:V55) -> 551 | AB55: =AVERAGE(W55:X55) -> 500 | AC55: =AVERAGE(Q55:X55) -> 612.3125 | AD55: 790 | AE55: 空車特別歪
A56: 14 | B56: =IF(B33=1,H$2,I$2) -> 1:2 | C56: =IF(C33=1,H$3,I$3) -> 單 | D56: =IF(C33=1,H$4,I$4) -> 0 | E56: =IF(E33=1,$H$5,$I$5) -> 3個(前驅) | F56: =IF(F33=1,$H$6,$I$6) -> 0 | G56: =IF(G33=1,$H$7,$I$7) -> 0 | H56: =IF(H33=1,$H$8,$I$8) -> 0 | I56: =IF(I33=1,$H$9,$I$9) -> 3輪 | J56: =IF(J33=1,$H$10,$I$10) -> 0 | K56: =IF(K33=1,$H$11,$I$11) -> 大(45mm) | L56: =IF(L33=1,$H$12,$I$12) -> 0 | M56: =IF(M33=1,$H$13,$I$13) -> 小(35mm) | N56: =IF(N33=1,$H$14,$I$14) -> 0 | O56: =IF(O33=1,$H$15,$I$15) -> 0 | P56: =IF(P33=1,$H$16,$I$16) -> 雙(7mm) | Q56: 825 | R56: 908 | S56: 1088 | T56: 1086 | U56: 614 | V56: 369 | W56: 325 | X56: 340 | Y56: =AVERAGE(Q56,R56,AD56) -> 979 | Z56: =AVERAGE(S56:T56) -> 1087 | AA56: =AVERAGE(U56:V56) -> 491.5 | AB56: =AVERAGE(W56:X56) -> 332.5 | AC56: =AVERAGE(Q56:X56) -> 694.375 | AD56: 1204 | AE56: 後輪單輪
A57: 15 | B57: =IF(B34=1,H$2,I$2) -> 1:2 | C57: =IF(C34=1,H$3,I$3) -> 單 | D57: =IF(C34=1,H$4,I$4) -> 0 | E57: =IF(E34=1,$H$5,$I$5) -> 2個(後驅) | F57: =IF(F34=1,$H$6,$I$6) -> 0 | G57: =IF(G34=1,$H$7,$I$7) -> 0 | H57: =IF(H34=1,$H$8,$I$8) -> 0 | I57: =IF(I34=1,$H$9,$I$9) -> 4輪 | J57: =IF(J34=1,$H$10,$I$10) -> 0 | K57: =IF(K34=1,$H$11,$I$11) -> 小(35mm) | L57: =IF(L34=1,$H$12,$I$12) -> 0 | M57: =IF(M34=1,$H$13,$I$13) -> 小(35mm) | N57: =IF(N34=1,$H$14,$I$14) -> 0 | O57: =IF(O34=1,$H$15,$I$15) -> 0 | P57: =IF(P34=1,$H$16,$I$16) -> 雙(7mm) | Q57: 945 | R57: 1046 | S57: 975 | T57: 1004 | U57: 635 | V57: 603.5 | W57: 491 | X57: 560 | Y57: =AVERAGE(Q57,R57,AD57) -> 991.33333 | Z57: =AVERAGE(S57:T57) -> 989.5 | AA57: =AVERAGE(U57:V57) -> 619.25 | AB57: =AVERAGE(W57:X57) -> 525.5 | AC57: =AVERAGE(Q57:X57) -> 782.4375 | AD57: 983
A58: 16 | B58: =IF(B35=1,H$2,I$2) -> 1:2 | C58: =IF(C35=1,H$3,I$3) -> 單 | D58: =IF(C35=1,H$4,I$4) -> 0 | E58: =IF(E35=1,$H$5,$I$5) -> 2個(後驅) | F58: =IF(F35=1,$H$6,$I$6) -> 0 | G58: =IF(G35=1,$H$7,$I$7) -> 0 | H58: =IF(H35=1,$H$8,$I$8) -> 0 | I58: =IF(I35=1,$H$9,$I$9) -> 3輪 | J58: =IF(J35=1,$H$10,$I$10) -> 0 | K58: =IF(K35=1,$H$11,$I$11) -> 大(45mm) | L58: =IF(L35=1,$H$12,$I$12) -> 0 | M58: =IF(M35=1,$H$13,$I$13) -> 大(45mm) | N58: =IF(N35=1,$H$14,$I$14) -> 0 | O58: =IF(O35=1,$H$15,$I$15) -> 0 | P58: =IF(P35=1,$H$16,$I$16) -> 單(3.5mm) | Q58: 1328 | R58: 1207 | S58: 745 | T58: 746 | U58: 554 | V58: 562 | W58: 505 | X58: 396 | Y58: =AVERAGE(Q58,R58,AD58) -> 1203 | Z58: =AVERAGE(S58:T58) -> 745.5 | AA58: =AVERAGE(U58:V58) -> 558 | AB58: =AVERAGE(W58:X58) -> 450.5 | AC58: =AVERAGE(Q58:X58) -> 755.375 | AD58: 1074
A59: 最佳組合 | B59: =IF(B36=1,H$2,I$2) -> 1:2 | C59: =IF(C36=1,H$3,I$3) -> 單 | D59: =IF(C36=1,H$4,I$4) -> 0 | E59: =IF(E36=1,$H$5,$I$5) -> 2個(後驅) | F59: =IF(F36=1,$H$6,$I$6) -> 0 | G59: =IF(G36=1,$H$7,$I$7) -> 0 | H59: =IF(H36=1,$H$8,$I$8) -> 0 | I59: =IF(I36=1,$H$9,$I$9) -> 4輪 | J59: =IF(J36=1,$H$10,$I$10) -> 0 | K59: =IF(K36=1,$H$11,$I$11) -> 大(45mm) | L59: =IF(L36=1,$H$12,$I$12) -> 0 | M59: =IF(M36=1,$H$13,$I$13) -> 大(45mm) | N59: =IF(N36=1,$H$14,$I$14) -> 0 | O59: =IF(O36=1,$H$15,$I$15) -> 0 | P59: =IF(P36=1,$H$16,$I$16) -> 單(3.5mm) | Q59: 1127 | R59: =32*40+18 -> 1298 | S59: 809 | T59: =40*18+24 -> 744 | U59: =16*40-12 -> 628 | V59: =14*40-11 -> 549 | W59: =13*40-6 -> 514 | X59: =12*40-5 -> 475 | Y59: =AVERAGE(Q59,R59,AD59) -> 1147 | Z59: =AVERAGE(S59:T59) -> 776.5 | AA59: =AVERAGE(U59:V59) -> 588.5 | AB59: =AVERAGE(W59:X59) -> 494.5 | AC59: =AVERAGE(Q59:X59) -> 768 | AD59: =40*25+16 -> 1016
A61: 無齒輪(動力直接連動輪子)(L4)
C62: level1 | D62: level2
A63: 1 | B63: 動力驅動位置 | C63: 後輪 | D63: 前輪
A64: 2 | B64: 驅動輪半徑大小 | C64: 大 | D64: 小
A65: 3 | B65: 非驅動輪半徑 | C65: 大 | D65: 小
A67: Orthogonal array(L4)
A68: 測試組合 | B68: 1 | C68: 2 | D68: 3
A69: 1 | B69: 1 | C69: 1 | D69: 1
A70: 2 | B70: 1 | C70: 2 | D70: 2
A71: 3 | B71: 2 | C71: 1 | D71: 2
A72: 4 | B72: 2 | C72: 2 | D72: 1
A74: 無齒輪 | B74: 變動因子 | E74: 測試結果
A75: 測試組合 | B75: 1 | C75: 2 | D75: 3 | E75: Y1 | F75: Y2 | G75: Y3 | H75: Y4 | I75: Y5 | J75: Y6 | K75: Y7 | L75: Y8 | M75: Y9
B76: =B63 -> 動力驅動位置 | C76: =B64 -> 驅動輪半徑大小 | D76: =B65 -> 非驅動輪半徑 | E76: 負重0g | H76: 負重50g | J76: 負重100g | L76: 負重150g
A77: 1 | B77: =IF(B69=1,$C$63,$D$63) -> 後輪 | C77: =IF(C69=1,$C$64,$D$64) -> 大 | D77: =IF(D69=1,$C$65,$D$65) -> 大 | E77: 1048 | F77: 1072 | G77: 1018 | H77: 808 | I77: 804 | J77: 732 | K77: 733 | L77: 660 | M77: 682
A78: 2 | B78: =IF(B70=1,$C$63,$D$63) -> 後輪 | C78: =IF(C70=1,$C$64,$D$64) -> 小 | D78: =IF(D70=1,$C$65,$D$65) -> 小 | E78: 828 | F78: 854 | G78: 840 | H78: 673 | I78: 683 | J78: 617 | K78: 650 | L78: 606 | M78: 552
A79: 3 | B79: =IF(B71=1,$C$63,$D$63) -> 前輪 | C79: =IF(C71=1,$C$64,$D$64) -> 大 | D79: =IF(D71=1,$C$65,$D$65) -> 小 | E79: 1188.5 | F79: 1140 | G79: 1012 | H79: 783 | I79: 793 | J79: 719 | K79: 716 | L79: 601 | M79: 600
A80: 4 | B80: =IF(B72=1,$C$63,$D$63) -> 前輪 | C80: =IF(C72=1,$C$64,$D$64) -> 小 | D80: =IF(D72=1,$C$65,$D$65) -> 大 | E80: 1033 | F80: 991.5 | G80: 989.5 | H80: 720 | I80: 704 | J80: 600 | K80: 671 | L80: 609 | M80: 611
E193: .

Sheet train
A1: Set | B1: GearRatio | C1: TransmissionSide | D1: GearsNum | E1: WheelNum | F1: MainWheelNum | G1: NonmainWheelNum | H1: DrivePosition | I1: WheelThickness | J1: LoadPlate | K1: Bearings | L1: Weight | M1: WindingLength | N1: Distance | O1: LateralDeviation
A2: 1 | B2: 0 | C2: 0 | D2: 0 | E2: 0 | F2: 0 | G2: 0 | H2: 0 | I2: 0 | J2: 0 | K2: 0 | L2: 0 | M2: 13 | N2: 732 | O2: 10
A3: 2 | B3: 0 | C3: 0 | D3: 0 | E3: 1 | F3: 1 | G3: 1 | H3: 0 | I3: 1 | J3: 0 | K3: 0 | L3: 0 | M3: 13 | N3: 499 | O3: 10
A4: 3 | B4: 0 | C4: 0 | D4: 1 | E4: 0 | F4: 1 | G4: 0 | H4: 1 | I4: 1 | J4: 0 | K4: 0 | L4: 0 | M4: 13 | N4: 562 | O4: 10
A5: 4 | B5: 0 | C5: 0 | D5: 1 | E5: 1 | F5: 0 | G5: 1 | H5: 1 | I5: 0 | J5: 0 | K5: 0 | L5: 0 | M5: 13 | N5: 756 | O5: 15
A6: 5 | B6: 0 | C6: 1 | D6: 0 | E6: 0 | F6: 1 | G6: 0 | H6: 0 | I6: 1 | J6: 0 | K6: 0 | L6: 0 | M6: 13 | N6: 627 | O6: 40
A7: 6 | B7: 0 | C7: 1 | D7: 0 | E7: 1 | F7: 0 | G7: 1 | H7: 0 | I7: 0 | J7: 0 | K7: 0 | L7: 0 | M7: 13 | N7: 756 | O7: 80
A8: 7 | B8: 0 | C8: 1 | D8: 1 | E8: 0 | F8: 1 | G8: 1 | H8: 1 | I8: 0 | J8: 0 | K8: 0 | L8: 0 | M8: 13 | N8: 591 | O8: 40
A9: 8 | B9: 0 | C9: 1 | D9: 1 | E9: 1 | F9: 0 | G9: 0 | H9: 1 | I9: 1 | J9: 0 | K9: 0 | L9: 0 | M9: 13 | N9: 762 | O9: 40
A10: 9 | B10: 1 | C10: 0 | D10: 0 | E10: 0 | F10: 0 | G10: 0 | H10: 0 | I10: 1 | J10: 0 | K10: 0 | L10: 0 | M10: 13 | N10: 773 | O10: 20
A11: 10 | B11: 1 | C11: 0 | D11: 0 | E11: 1 | F11: 1 | G11: 1 | H11: 0 | I11: 0 | J11: 0 | K11: 0 | L11: 0 | M11: 13 | N11: 1088 | O11: 20
A12: 11 | B12: 1 | C12: 0 | D12: 1 | E12: 0 | F12: 1 | G12: 0 | H12: 1 | I12: 0 | J12: 0 | K12: 0 | L12: 0 | M12: 13 | N12: 1006 | O12: 25
A13: 12 | B13: 1 | C13: 0 | D13: 1 | E13: 1 | F13: 0 | G13: 1 | H13: 1 | I13: 1 | J13: 0 | K13: 0 | L13: 0 | M13: 13 | N13: 1337 | O13: 10
... A307: 27 | B307: 2 | C307: 2 | D307: 2 | E307: 0 | F307: 0 | G307: 0 | H307: 0 | I307: 0 | J307: 0 | K307: 1 | L307: 3 | M307: 12 | N307: 657 | O307: 15
